QB,RB,RB,WR,WR,WR,TE,FLEX,DST,,Instructions
,,,,,,,,,,1. Locate the player you want to select in the list below 
,,,,,,,,,,2. Copy the ID of your player (you can use the Name + ID column or the ID column) 
,,,,,,,,,,3. Paste the ID into the roster position desired 
,,,,,,,,,,4. You must include an ID for each player; you cannot use just the player's name 
,,,,,,,,,,5. You can create up to 500 lineups per file 
 
,,,,,,,,,,Position,Name + ID,Name,ID,Roster Position,Salary,Game Info,TeamAbbrev,AvgPointsPerGame
,,,,,,,,,,RB,Jonathan Taylor (23486000),Jonathan Taylor,23486000,RB/FLEX,9100,IND@HOU 09/11/2022 01:00PM ET,IND,24.01
,,,,,,,,,,RB,Derrick Henry (23486002),Derrick Henry,23486002,RB/FLEX,8600,NYG@TEN 09/11/2022 04:25PM ET,TEN,24.5
,,,,,,,,,,RB,Christian McCaffrey (23486004),Christian McCaffrey,23486004,RB/FLEX,8500,CLE@CAR 09/11/2022 01:00PM ET,CAR,18.21
,,,,,,,,,,RB,Austin Ekeler (23486006),Austin Ekeler,23486006,RB/FLEX,8200,LV@LAC 09/11/2022 04:25PM ET,LAC,21.86
,,,,,,,,,,WR,Davante Adams (23486372),Davante Adams,23486372,WR/FLEX,8100,LV@LAC 09/11/2022 04:25PM ET,LV,22.72
,,,,,,,,,,RB,Dalvin Cook (23486008),Dalvin Cook,23486008,RB/FLEX,7900,GB@MIN 09/11/2022 04:25PM ET,MIN,16.95
,,,,,,,,,,WR,Justin Jefferson (23486374),Justin Jefferson,23486374,WR/FLEX,7800,GB@MIN 09/11/2022 04:25PM ET,MIN,20.73
,,,,,,,,,,QB,Patrick Mahomes (23485906),Patrick Mahomes,23485906,QB,7700,KC@ARI 09/11/2022 04:25PM ET,KC,25.03
,,,,,,,,,,RB,Alvin Kamara (23486010),Alvin Kamara,23486010,RB/FLEX,7600,NO@ATL 09/11/2022 01:00PM ET,NO,18.98
,,,,,,,,,,QB,Justin Herbert (23485907),Justin Herbert,23485907,QB,7600,LV@LAC 09/11/2022 04:25PM ET,LAC,24.93
,,,,,,,,,,WR,Deebo Samuel (23486376),Deebo Samuel,23486376,WR/FLEX,7400,SF@CHI 09/11/2022 01:00PM ET,SF,21.42
,,,,,,,,,,QB,Lamar Jackson (23485908),Lamar Jackson,23485908,QB,7300,BAL@NYJ 09/11/2022 01:00PM ET,BAL,22.33
,,,,,,,,,,QB,Kyler Murray (23485909),Kyler Murray,23485909,QB,7200,KC@ARI 09/11/2022 04:25PM ET,ARI,21.70
,,,,,,,,,,RB,Joe Mixon (23486012),Joe Mixon,23486012,RB/FLEX,7100,PIT@CIN 09/11/2022 01:00PM ET,CIN,18.15
,,,,,,,,,,WR,Ja'Marr Chase (23486378),Ja'Marr Chase,23486378,WR/FLEX,7100,PIT@CIN 09/11/2022 01:00PM ET,CIN,18.93
,,,,,,,,,,QB,Aaron Rodgers (23485910),Aaron Rodgers,23485910,QB,7000,GB@MIN 09/11/2022 04:25PM ET,GB,21.08
,,,,,,,,,,WR,Keenan Allen (23486380),Keenan Allen,23486380,WR/FLEX,7000,LV@LAC 09/11/2022 04:25PM ET,LAC,16.86
,,,,,,,,,,RB,James Conner (23486014),James Conner,23486014,RB/FLEX,7000,KC@ARI 09/11/2022 04:25PM ET,ARI,16.69
,,,,,,,,,,QB,Jalen Hurts (23485911),Jalen Hurts,23485911,QB,6800,PHI@DET 09/11/2022 01:00PM ET,PHI,21.71
,,,,,,,,,,RB,D'Andre Swift (23486016),D'Andre Swift,23486016,RB/FLEX,6800,PHI@DET 09/11/2022 01:00PM ET,DET,16.61
,,,,,,,,,,WR,Tyreek Hill (23486382),Tyreek Hill,23486382,WR/FLEX,6800,NE@MIA 09/11/2022 01:00PM ET,MIA,18.94
,,,,,,,,,,TE,Mark Andrews (23486996),Mark Andrews,23486996,TE/FLEX,6800,BAL@NYJ 09/11/2022 01:00PM ET,BAL,18.59
,,,,,,,,,,RB,Aaron Jones (23486018),Aaron Jones,23486018,RB/FLEX,6700,GB@MIN 09/11/2022 04:25PM ET,GB,16.38
,,,,,,,,,,WR,Mike Williams (23486384),Mike Williams,23486384,WR/FLEX,6600,LV@LAC 09/11/2022 04:25PM ET,LAC,16.16
,,,,,,,,,,TE,Travis Kelce (23486998),Travis Kelce,23486998,TE/FLEX,6600,KC@ARI 09/11/2022 04:25PM ET,KC,18.62
,,,,,,,,,,QB,Deshaun Watson (23485912),Deshaun Watson,23485912,QB,6600,CLE@CAR 09/11/2022 01:00PM ET,CLE,0
,,,,,,,,,,WR,Terry McLaurin (23486386),Terry McLaurin,23486386,WR/FLEX,6500,JAX@WAS 09/11/2022 01:00PM ET,WAS,13.26
,,,,,,,,,,RB,Nick Chubb (23486020),Nick Chubb,23486020,RB/FLEX,6500,CLE@CAR 09/11/2022 01:00PM ET,CLE,16.52
,,,,,,,,,,WR,A.J. Brown (23486388),A.J. Brown,23486388,WR/FLEX,6400,PHI@DET 09/11/2022 01:00PM ET,PHI,15.58
,,,,,,,,,,WR,Jaylen Waddle (23486390),Jaylen Waddle,23486390,WR/FLEX,6400,NE@MIA 09/11/2022 01:00PM ET,MIA,15.61
,,,,,,,,,,QB,Joe Burrow (23485913),Joe Burrow,23485913,QB,6400,PIT@CIN 09/11/2022 01:00PM ET,CIN,20.93
,,,,,,,,,,RB,Najee Harris (23486022),Najee Harris,23486022,RB/FLEX,6400,PIT@CIN 09/11/2022 01:00PM ET,PIT,17.58
,,,,,,,,,,RB,Josh Jacobs (23486024),Josh Jacobs,23486024,RB/FLEX,6300,LV@LAC 09/11/2022 04:25PM ET,LV,15.67
,,,,,,,,,,WR,Brandin Cooks (23486392),Brandin Cooks,23486392,WR/FLEX,6300,IND@HOU 09/11/2022 01:00PM ET,HOU,15.24
,,,,,,,,,,RB,Alexander Mattison (23486026),Alexander Mattison,23486026,RB/FLEX,6200,GB@MIN 09/11/2022 04:25PM ET,MIN,8.31
,,,,,,,,,,WR,Marquise Brown (23486394),Marquise Brown,23486394,WR/FLEX,6200,KC@ARI 09/11/2022 04:25PM ET,ARI,14.77
,,,,,,,,,,QB,Kirk Cousins (23485914),Kirk Cousins,23485914,QB,6100,GB@MIN 09/11/2022 04:25PM ET,MIN,20.46
,,,,,,,,,,RB,Saquon Barkley (23486028),Saquon Barkley,23486028,RB/FLEX,6100,NYG@TEN 09/11/2022 04:25PM ET,NYG,11.74
,,,,,,,,,,WR,Amon-Ra St. Brown (23486396),Amon-Ra St. Brown,23486396,WR/FLEX,6100,PHI@DET 09/11/2022 01:00PM ET,DET,13.72
,,,,,,,,,,WR,Tee Higgins (23486398),Tee Higgins,23486398,WR/FLEX,6100,PIT@CIN 09/11/2022 01:00PM ET,CIN,16.61
,,,,,,,,,,QB,Trey Lance (23485915),Trey Lance,23485915,QB,6000,SF@CHI 09/11/2022 01:00PM ET,SF,11.15
,,,,,,,,,,RB,David Montgomery (23486030),David Montgomery,23486030,RB/FLEX,6000,SF@CHI 09/11/2022 01:00PM ET,CHI,15.62
,,,,,,,,,,WR,DJ Moore (23486402),DJ Moore,23486402,WR/FLEX,6000,CLE@CAR 09/11/2022 01:00PM ET,CAR,14.56
,,,,,,,,,,WR,Diontae Johnson (23486400),Diontae Johnson,23486400,WR/FLEX,6000,PIT@CIN 09/11/2022 01:00PM ET,PIT,17.64
,,,,,,,,,,RB,Mark Ingram II (23486032),Mark Ingram II,23486032,RB/FLEX,5900,NO@ATL 09/11/2022 01:00PM ET,NO,7.83
,,,,,,,,,,QB,Derek Carr (23485916),Derek Carr,23485916,QB,5900,LV@LAC 09/11/2022 04:25PM ET,LV,17.41
,,,,,,,,,,TE,George Kittle (23487000),George Kittle,23487000,TE/FLEX,5900,SF@CHI 09/11/2022 01:00PM ET,SF,13.64
,,,,,,,,,,WR,Amari Cooper (23486404),Amari Cooper,23486404,WR/FLEX,5900,CLE@CAR 09/11/2022 01:00PM ET,CLE,14.18
,,,,,,,,,,RB,Cordarrelle Patterson (23486036),Cordarrelle Patterson,23486036,RB/FLEX,5800,NO@ATL 09/11/2022 01:00PM ET,ATL,15.04
,,,,,,,,,,WR,Hunter Renfrow (23486406),Hunter Renfrow,23486406,WR/FLEX,5800,LV@LAC 09/11/2022 04:25PM ET,LV,15.72
,,,,,,,,,,RB,Antonio Gibson (23486034),Antonio Gibson,23486034,RB/FLEX,5800,JAX@WAS 09/11/2022 01:00PM ET,WAS,14.94
,,,,,,,,,,WR,Michael Thomas (23486410),Michael Thomas,23486410,WR/FLEX,5700,NO@ATL 09/11/2022 01:00PM ET,NO,0
,,,,,,,,,,TE,Kyle Pitts (23487002),Kyle Pitts,23487002,TE/FLEX,5700,NO@ATL 09/11/2022 01:00PM ET,ATL,10.92
,,,,,,,,,,QB,Ryan Tannehill (23485917),Ryan Tannehill,23485917,QB,5700,NYG@TEN 09/11/2022 04:25PM ET,TEN,16.85
,,,,,,,,,,QB,Tua Tagovailoa (23485918),Tua Tagovailoa,23485918,QB,5700,NE@MIA 09/11/2022 01:00PM ET,MIA,14.99
,,,,,,,,,,RB,Damien Harris (23486038),Damien Harris,23486038,RB/FLEX,5700,NE@MIA 09/11/2022 01:00PM ET,NE,14.49
,,,,,,,,,,WR,Darnell Mooney (23486408),Darnell Mooney,23486408,WR/FLEX,5700,SF@CHI 09/11/2022 01:00PM ET,CHI,13.63
,,,,,,,,,,RB,Kareem Hunt (23486040),Kareem Hunt,23486040,RB/FLEX,5700,CLE@CAR 09/11/2022 01:00PM ET,CLE,13.75
,,,,,,,,,,WR,Allen Lazard (23486412),Allen Lazard,23486412,WR/FLEX,5600,GB@MIN 09/11/2022 04:25PM ET,GB,9.01
,,,,,,,,,,QB,Trevor Lawrence (23485919),Trevor Lawrence,23485919,QB,5600,JAX@WAS 09/11/2022 01:00PM ET,JAX,13.36
,,,,,,,,,,RB,Travis Etienne Jr. (23486044),Travis Etienne Jr.,23486044,RB/FLEX,5600,JAX@WAS 09/11/2022 01:00PM ET,JAX,0
,,,,,,,,,,RB,James Robinson (23486046),James Robinson,23486046,RB/FLEX,5600,JAX@WAS 09/11/2022 01:00PM ET,JAX,12.78
,,,,,,,,,,WR,Robert Woods (23486416),Robert Woods,23486416,WR/FLEX,5600,NYG@TEN 09/11/2022 04:25PM ET,TEN,15.58
,,,,,,,,,,WR,Jameson Williams (23486414),Jameson Williams,23486414,WR/FLEX,5600,PHI@DET 09/11/2022 01:00PM ET,DET,0
,,,,,,,,,,QB,Justin Fields (23485920),Justin Fields,23485920,QB,5600,SF@CHI 09/11/2022 01:00PM ET,CHI,12.07
,,,,,,,,,,RB,J.K. Dobbins (23486042),J.K. Dobbins,23486042,RB/FLEX,5600,BAL@NYJ 09/11/2022 01:00PM ET,BAL,0
,,,,,,,,,,QB,Matt Ryan (23485922),Matt Ryan,23485922,QB,5500,IND@HOU 09/11/2022 01:00PM ET,IND,14.76
,,,,,,,,,,WR,Michael Pittman Jr. (23486418),Michael Pittman Jr.,23486418,WR/FLEX,5500,IND@HOU 09/11/2022 01:00PM ET,IND,14.39
,,,,,,,,,,QB,Carson Wentz (23485921),Carson Wentz,23485921,QB,5500,JAX@WAS 09/11/2022 01:00PM ET,WAS,16.24
,,,,,,,,,,WR,DeVonta Smith (23486420),DeVonta Smith,23486420,WR/FLEX,5500,PHI@DET 09/11/2022 01:00PM ET,PHI,11.37
,,,,,,,,,,RB,Rhamondre Stevenson (23486048),Rhamondre Stevenson,23486048,RB/FLEX,5500,NE@MIA 09/11/2022 01:00PM ET,NE,10.15
,,,,,,,,,,RB,Breece Hall (23486050),Breece Hall,23486050,RB/FLEX,5500,BAL@NYJ 09/11/2022 01:00PM ET,NYJ,0
,,,,,,,,,,WR,Adam Thielen (23486424),Adam Thielen,23486424,WR/FLEX,5400,GB@MIN 09/11/2022 04:25PM ET,MIN,15.6
,,,,,,,,,,TE,Darren Waller (23487004),Darren Waller,23487004,TE/FLEX,5400,LV@LAC 09/11/2022 04:25PM ET,LV,12.84
,,,,,,,,,,QB,Jared Goff (23485923),Jared Goff,23485923,QB,5400,PHI@DET 09/11/2022 01:00PM ET,DET,15.11
,,,,,,,,,,RB,Miles Sanders (23486056),Miles Sanders,23486056,RB/FLEX,5400,PHI@DET 09/11/2022 01:00PM ET,PHI,10
,,,,,,,,,,RB,Clyde Edwards-Helaire (23486058),Clyde Edwards-Helaire,23486058,RB/FLEX,5400,KC@ARI 09/11/2022 04:25PM ET,KC,11.54
,,,,,,,,,,WR,DeAndre Hopkins (23486422),DeAndre Hopkins,23486422,WR/FLEX,5400,KC@ARI 09/11/2022 04:25PM ET,ARI,14.72
,,,,,,,,,,QB,Mac Jones (23485924),Mac Jones,23485924,QB,5400,NE@MIA 09/11/2022 01:00PM ET,NE,14.67
,,,,,,,,,,RB,Eli Mitchell (23486052),Eli Mitchell,23486052,RB/FLEX,5400,SF@CHI 09/11/2022 01:00PM ET,SF,15.4
,,,,,,,,,,RB,Chuba Hubbard (23486054),Chuba Hubbard,23486054,RB/FLEX,5400,CLE@CAR 09/11/2022 01:00PM ET,CAR,8.33
,,,,,,,,,,QB,Andy Dalton (23485926),Andy Dalton,23485926,QB,5300,NO@ATL 09/11/2022 01:00PM ET,NO,12.52
,,,,,,,,,,QB,Jameis Winston (23485929),Jameis Winston,23485929,QB,5300,NO@ATL 09/11/2022 01:00PM ET,NO,17.34
,,,,,,,,,,RB,AJ Dillon (23486060),AJ Dillon,23486060,RB/FLEX,5300,GB@MIN 09/11/2022 04:25PM ET,GB,10.84
,,,,,,,,,,QB,Davis Mills (23485925),Davis Mills,23485925,QB,5300,IND@HOU 09/11/2022 01:00PM ET,HOU,13.84
,,,,,,,,,,QB,Baker Mayfield (23485927),Baker Mayfield,23485927,QB,5300,CLE@CAR 09/11/2022 01:00PM ET,CAR,14.49
,,,,,,,,,,QB,Sam Darnold (23485928),Sam Darnold,23485928,QB,5300,CLE@CAR 09/11/2022 01:00PM ET,CAR,15.27
,,,,,,,,,,WR,Rashod Bateman (23486426),Rashod Bateman,23486426,WR/FLEX,5300,BAL@NYJ 09/11/2022 01:00PM ET,BAL,8.88
,,,,,,,,,,QB,Marcus Mariota (23485933),Marcus Mariota,23485933,QB,5200,NO@ATL 09/11/2022 01:00PM ET,ATL,1.35
,,,,,,,,,,RB,Jamaal Williams (23486064),Jamaal Williams,23486064,RB/FLEX,5200,PHI@DET 09/11/2022 01:00PM ET,DET,9.22
,,,,,,,,,,QB,Colt McCoy (23485931),Colt McCoy,23485931,QB,5200,KC@ARI 09/11/2022 04:25PM ET,ARI,5.14
,,,,,,,,,,RB,Ronald Jones II (23486062),Ronald Jones II,23486062,RB/FLEX,5200,KC@ARI 09/11/2022 04:25PM ET,KC,5.08
,,,,,,,,,,WR,JuJu Smith-Schuster (23486430),JuJu Smith-Schuster,23486430,WR/FLEX,5200,KC@ARI 09/11/2022 04:25PM ET,KC,7.07
,,,,,,,,,,RB,Chase Edmonds (23486066),Chase Edmonds,23486066,RB/FLEX,5200,NE@MIA 09/11/2022 01:00PM ET,MIA,11.55
,,,,,,,,,,QB,Jimmy Garoppolo (23485930),Jimmy Garoppolo,23485930,QB,5200,SF@CHI 09/11/2022 01:00PM ET,SF,15.8
,,,,,,,,,,RB,Khalil Herbert (23486068),Khalil Herbert,23486068,RB/FLEX,5200,SF@CHI 09/11/2022 01:00PM ET,CHI,4.82
,,,,,,,,,,WR,Brandon Aiyuk (23486428),Brandon Aiyuk,23486428,WR/FLEX,5200,SF@CHI 09/11/2022 01:00PM ET,SF,9.84
,,,,,,,,,,QB,Jacoby Brissett (23485932),Jacoby Brissett,23485932,QB,5200,CLE@CAR 09/11/2022 01:00PM ET,CLE,7.21
,,,,,,,,,,WR,Christian Watson (23486436),Christian Watson,23486436,WR/FLEX,5100,GB@MIN 09/11/2022 04:25PM ET,GB,0
,,,,,,,,,,RB,Nyheim Hines (23486070),Nyheim Hines,23486070,RB/FLEX,5100,IND@HOU 09/11/2022 01:00PM ET,IND,6.74
,,,,,,,,,,RB,J.D. McKissic (23486076),J.D. McKissic,23486076,RB/FLEX,5100,JAX@WAS 09/11/2022 01:00PM ET,WAS,11.63
,,,,,,,,,,WR,Christian Kirk (23486432),Christian Kirk,23486432,WR/FLEX,5100,JAX@WAS 09/11/2022 01:00PM ET,JAX,12.32
,,,,,,,,,,RB,Jeff Wilson Jr. (23486074),Jeff Wilson Jr.,23486074,RB/FLEX,5100,SF@CHI 09/11/2022 01:00PM ET,SF,4.96
,,,,,,,,,,QB,Zach Wilson (23485934),Zach Wilson,23485934,QB,5100,BAL@NYJ 09/11/2022 01:00PM ET,NYJ,12.60
,,,,,,,,,,RB,Michael Carter (23486072),Michael Carter,23486072,RB/FLEX,5100,BAL@NYJ 09/11/2022 01:00PM ET,NYJ,11.31
,,,,,,,,,,WR,Elijah Moore (23486434),Elijah Moore,23486434,WR/FLEX,5100,BAL@NYJ 09/11/2022 01:00PM ET,NYJ,12.84
,,,,,,,,,,RB,Kenyan Drake (23486086),Kenyan Drake,23486086,RB/FLEX,5000,BAL@NYJ 09/11/2022 01:00PM ET,BAL,8.54
,,,,,,,,,,WR,Jarvis Landry (23486438),Jarvis Landry,23486438,WR/FLEX,5000,NO@ATL 09/11/2022 01:00PM ET,NO,11.5
,,,,,,,,,,WR,Drake London (23486444),Drake London,23486444,WR/FLEX,5000,NO@ATL 09/11/2022 01:00PM ET,ATL,0
,,,,,,,,,,QB,Daniel Jones (23485938),Daniel Jones,23485938,QB,5000,NYG@TEN 09/11/2022 04:25PM ET,NYG,16.41
,,,,,,,,,,RB,Hassan Haskins (23486084),Hassan Haskins,23486084,RB/FLEX,5000,NYG@TEN 09/11/2022 04:25PM ET,TEN,0
,,,,,,,,,,WR,Treylon Burks (23486442),Treylon Burks,23486442,WR/FLEX,5000,NYG@TEN 09/11/2022 04:25PM ET,TEN,0
,,,,,,,,,,QB,Teddy Bridgewater (23485936),Teddy Bridgewater,23485936,QB,5000,NE@MIA 09/11/2022 01:00PM ET,MIA,15.48
,,,,,,,,,,RB,Tyrion Davis-Price (23486082),Tyrion Davis-Price,23486082,RB/FLEX,5000,SF@CHI 09/11/2022 01:00PM ET,SF,0
,,,,,,,,,,QB,Tyler Huntley (23485935),Tyler Huntley,23485935,QB,5000,BAL@NYJ 09/11/2022 01:00PM ET,BAL,12.81
,,,,,,,,,,RB,Gus Edwards (23486080),Gus Edwards,23486080,RB/FLEX,5000,BAL@NYJ 09/11/2022 01:00PM ET,BAL,0
,,,,,,,,,,QB,Mitch Trubisky (23485937),Mitch Trubisky,23485937,QB,5000,PIT@CIN 09/11/2022 01:00PM ET,PIT,1.27
,,,,,,,,,,RB,Samaje Perine (23486078),Samaje Perine,23486078,RB/FLEX,5000,PIT@CIN 09/11/2022 01:00PM ET,CIN,4.90
,,,,,,,,,,WR,Chase Claypool (23486440),Chase Claypool,23486440,WR/FLEX,5000,PIT@CIN 09/11/2022 01:00PM ET,PIT,10.94
,,,,,,,,,,WR,K.J. Osborn (23486446),K.J. Osborn,23486446,WR/FLEX,4900,GB@MIN 09/11/2022 04:25PM ET,MIN,9.32
,,,,,,,,,,RB,Isaiah Spiller (23486096),Isaiah Spiller,23486096,RB/FLEX,4900,LV@LAC 09/11/2022 04:25PM ET,LAC,0
,,,,,,,,,,RB,Rex Burkhead (23486088),Rex Burkhead,23486088,RB/FLEX,4900,IND@HOU 09/11/2022 01:00PM ET,HOU,6.71
,,,,,,,,,,RB,Matt Breida (23486094),Matt Breida,23486094,RB/FLEX,4900,NYG@TEN 09/11/2022 04:25PM ET,NYG,4.86
,,,,,,,,,,WR,Sterling Shepard (23486450),Sterling Shepard,23486450,WR/FLEX,4900,NYG@TEN 09/11/2022 04:25PM ET,NYG,11.53
,,,,,,,,,,QB,Gardner Minshew II (23485939),Gardner Minshew II,23485939,QB,4900,PHI@DET 09/11/2022 01:00PM ET,PHI,8.66
,,,,,,,,,,TE,T.J. Hockenson (23487006),T.J. Hockenson,23487006,TE/FLEX,4900,PHI@DET 09/11/2022 01:00PM ET,DET,12.11
,,,,,,,,,,RB,Darrel Williams (23486092),Darrel Williams,23486092,RB/FLEX,4900,KC@ARI 09/11/2022 04:25PM ET,ARI,10.44
,,,,,,,,,,RB,D'Ernest Johnson (23486090),D'Ernest Johnson,23486090,RB/FLEX,4900,CLE@CAR 09/11/2022 01:00PM ET,CLE,6.48
,,,,,,,,,,WR,Corey Davis (23486448),Corey Davis,23486448,WR/FLEX,4900,BAL@NYJ 09/11/2022 01:00PM ET,NYJ,12.13
,,,,,,,,,,RB,Dameon Pierce (23486104),Dameon Pierce,23486104,RB/FLEX,4800,IND@HOU 09/11/2022 01:00PM ET,HOU,0
,,,,,,,,,,WR,Kenny Golladay (23486452),Kenny Golladay,23486452,WR/FLEX,4800,NYG@TEN 09/11/2022 04:25PM ET,NYG,6.58
,,,,,,,,,,WR,Nick Westbrook-Ikhine (23486460),Nick Westbrook-Ikhine,23486460,WR/FLEX,4800,NYG@TEN 09/11/2022 04:25PM ET,TEN,6.56
,,,,,,,,,,WR,DJ Chark Jr. (23486462),DJ Chark Jr.,23486462,WR/FLEX,4800,PHI@DET 09/11/2022 01:00PM ET,DET,8.6
,,,,,,,,,,RB,Raheem Mostert (23486102),Raheem Mostert,23486102,RB/FLEX,4800,NE@MIA 09/11/2022 01:00PM ET,MIA,2
,,,,,,,,,,WR,DeVante Parker (23486456),DeVante Parker,23486456,WR/FLEX,4800,NE@MIA 09/11/2022 01:00PM ET,NE,10.35
,,,,,,,,,,TE,Mike Gesicki (23487008),Mike Gesicki,23487008,TE/FLEX,4800,NE@MIA 09/11/2022 01:00PM ET,MIA,9.88
,,,,,,,,,,WR,Robbie Anderson (23486454),Robbie Anderson,23486454,WR/FLEX,4800,CLE@CAR 09/11/2022 01:00PM ET,CAR,8.15
,,,,,,,,,,QB,Joe Flacco (23485940),Joe Flacco,23485940,QB,4800,BAL@NYJ 09/11/2022 01:00PM ET,NYJ,12.41
,,,,,,,,,,RB,Benny Snell Jr. (23486098),Benny Snell Jr.,23486098,RB/FLEX,4800,PIT@CIN 09/11/2022 01:00PM ET,PIT,1.01
,,,,,,,,,,RB,Chris Evans (23486100),Chris Evans,23486100,RB/FLEX,4800,PIT@CIN 09/11/2022 01:00PM ET,CIN,2.91
,,,,,,,,,,WR,Tyler Boyd (23486458),Tyler Boyd,23486458,WR/FLEX,4800,PIT@CIN 09/11/2022 01:00PM ET,CIN,10.96
,,,,,,,,,,RB,Damien Williams (23486112),Damien Williams,23486112,RB/FLEX,4700,NO@ATL 09/11/2022 01:00PM ET,ATL,5.06
,,,,,,,,,,QB,Jordan Love (23485941),Jordan Love,23485941,QB,4700,GB@MIN 09/11/2022 04:25PM ET,GB,4.19
,,,,,,,,,,WR,Sammy Watkins (23486466),Sammy Watkins,23486466,WR/FLEX,4700,GB@MIN 09/11/2022 04:25PM ET,GB,5.49
,,,,,,,,,,RB,Sony Michel (23486108),Sony Michel,23486108,RB/FLEX,4700,LV@LAC 09/11/2022 04:25PM ET,LAC,7.79
,,,,,,,,,,RB,Zamir White (23486110),Zamir White,23486110,RB/FLEX,4700,LV@LAC 09/11/2022 04:25PM ET,LV,0
,,,,,,,,,,RB,Marlon Mack (23486106),Marlon Mack,23486106,RB/FLEX,4700,IND@HOU 09/11/2022 01:00PM ET,HOU,2.15
,,,,,,,,,,WR,Marquez Valdes-Scantling (23486464),Marquez Valdes-Scantling,23486464,WR/FLEX,4700,KC@ARI 09/11/2022 04:25PM ET,KC,8.18
,,,,,,,,,,WR,Garrett Wilson (23486468),Garrett Wilson,23486468,WR/FLEX,4700,BAL@NYJ 09/11/2022 01:00PM ET,NYJ,0
,,,,,,,,,,QB,Taysom Hill (23485942),Taysom Hill,23485942,QB,4600,NO@ATL 09/11/2022 01:00PM ET,NO,10.81
,,,,,,,,,,RB,Kenneth Gainwell (23486114),Kenneth Gainwell,23486114,RB/FLEX,4600,PHI@DET 09/11/2022 01:00PM ET,PHI,8.29
,,,,,,,,,,RB,Trey Sermon (23486118),Trey Sermon,23486118,RB/FLEX,4600,PHI@DET 09/11/2022 01:00PM ET,PHI,2.83
,,,,,,,,,,WR,A.J. Green (23486470),A.J. Green,23486470,WR/FLEX,4600,KC@ARI 09/11/2022 04:25PM ET,ARI,9.58
,,,,,,,,,,WR,Mecole Hardman (23486472),Mecole Hardman,23486472,WR/FLEX,4600,KC@ARI 09/11/2022 04:25PM ET,KC,9.18
,,,,,,,,,,RB,Tevin Coleman (23486116),Tevin Coleman,23486116,RB/FLEX,4600,BAL@NYJ 09/11/2022 01:00PM ET,NYJ,4.68
,,,,,,,,,,RB,Tony Jones Jr. (23486130),Tony Jones Jr.,23486130,RB/FLEX,4500,NO@ATL 09/11/2022 01:00PM ET,NO,2.01
,,,,,,,,,,RB,Tyler Allgeier (23486132),Tyler Allgeier,23486132,RB/FLEX,4500,NO@ATL 09/11/2022 01:00PM ET,ATL,0
,,,,,,,,,,WR,Chris Olave (23486474),Chris Olave,23486474,WR/FLEX,4500,NO@ATL 09/11/2022 01:00PM ET,NO,0
,,,,,,,,,,RB,Phillip Lindsay (23486124),Phillip Lindsay,23486124,RB/FLEX,4500,IND@HOU 09/11/2022 01:00PM ET,IND,3.24
,,,,,,,,,,RB,Brian Robinson Jr. (23486128),Brian Robinson Jr.,23486128,RB/FLEX,4500,JAX@WAS 09/11/2022 01:00PM ET,WAS,0
,,,,,,,,,,QB,Tyrod Taylor (23485943),Tyrod Taylor,23485943,QB,4500,NYG@TEN 09/11/2022 04:25PM ET,NYG,14.46
,,,,,,,,,,RB,Dontrell Hilliard (23486126),Dontrell Hilliard,23486126,RB/FLEX,4500,NYG@TEN 09/11/2022 04:25PM ET,TEN,9
,,,,,,,,,,RB,Boston Scott (23486120),Boston Scott,23486120,RB/FLEX,4500,PHI@DET 09/11/2022 01:00PM ET,PHI,6.48
,,,,,,,,,,TE,Dallas Goedert (23487010),Dallas Goedert,23487010,TE/FLEX,4500,PHI@DET 09/11/2022 01:00PM ET,PHI,11.64
,,,,,,,,,,RB,Myles Gaskin (23486122),Myles Gaskin,23486122,RB/FLEX,4500,NE@MIA 09/11/2022 01:00PM ET,MIA,10.27
,,,,,,,,,,QB,Mason Rudolph (23485944),Mason Rudolph,23485944,QB,4500,PIT@CIN 09/11/2022 01:00PM ET,PIT,9.69
,,,,,,,,,,QB,Kenny Pickett (23485945),Kenny Pickett,23485945,QB,4500,PIT@CIN 09/11/2022 01:00PM ET,PIT,0
,,,,,,,,,,RB,Brandon Bolden (23486138),Brandon Bolden,23486138,RB/FLEX,4400,LV@LAC 09/11/2022 04:25PM ET,LV,7.27
,,,,,,,,,,RB,Joshua Kelley (23486140),Joshua Kelley,23486140,RB/FLEX,4400,LV@LAC 09/11/2022 04:25PM ET,LAC,1.8
,,,,,,,,,,RB,Ty'Son Williams (23486146),Ty'Son Williams,23486146,RB/FLEX,4400,IND@HOU 09/11/2022 01:00PM ET,IND,3.22
,,,,,,,,,,QB,Taylor Heinicke (23485946),Taylor Heinicke,23485946,QB,4400,JAX@WAS 09/11/2022 01:00PM ET,WAS,15.18
,,,,,,,,,,WR,Marvin Jones Jr. (23486476),Marvin Jones Jr.,23486476,WR/FLEX,4400,JAX@WAS 09/11/2022 01:00PM ET,JAX,10.78
,,,,,,,,,,RB,Antonio Williams (23486144),Antonio Williams,23486144,RB/FLEX,4400,NYG@TEN 09/11/2022 04:25PM ET,NYG,0
,,,,,,,,,,TE,Zach Ertz (23487012),Zach Ertz,23487012,TE/FLEX,4400,KC@ARI 09/11/2022 04:25PM ET,ARI,10.32
,,,,,,,,,,WR,Byron Pringle (23486480),Byron Pringle,23486480,WR/FLEX,4400,SF@CHI 09/11/2022 01:00PM ET,CHI,8.3
,,,,,,,,,,RB,D'Onta Foreman (23486136),D'Onta Foreman,23486136,RB/FLEX,4400,CLE@CAR 09/11/2022 01:00PM ET,CAR,11.05
,,,,,,,,,,WR,Donovan Peoples-Jones (23486478),Donovan Peoples-Jones,23486478,WR/FLEX,4400,CLE@CAR 09/11/2022 01:00PM ET,CLE,8.12
,,,,,,,,,,RB,Mike Davis (23486134),Mike Davis,23486134,RB/FLEX,4400,BAL@NYJ 09/11/2022 01:00PM ET,BAL,8.31
,,,,,,,,,,RB,Tyler Badie (23486142),Tyler Badie,23486142,RB/FLEX,4400,BAL@NYJ 09/11/2022 01:00PM ET,BAL,0
,,,,,,,,,,WR,Tre'Quan Smith (23486484),Tre'Quan Smith,23486484,WR/FLEX,4300,NO@ATL 09/11/2022 01:00PM ET,NO,7.97
,,,,,,,,,,QB,Kyle Allen (23485947),Kyle Allen,23485947,QB,4300,IND@HOU 09/11/2022 01:00PM ET,HOU,4.45
,,,,,,,,,,RB,Ryquell Armstead (23486150),Ryquell Armstead,23486150,RB/FLEX,4300,JAX@WAS 09/11/2022 01:00PM ET,JAX,6.3
,,,,,,,,,,QB,Malik Willis (23485948),Malik Willis,23485948,QB,4300,NYG@TEN 09/11/2022 04:25PM ET,TEN,0
,,,,,,,,,,RB,Gary Brightwell (23486148),Gary Brightwell,23486148,RB/FLEX,4300,NYG@TEN 09/11/2022 04:25PM ET,NYG,0.15
,,,,,,,,,,WR,Jakobi Meyers (23486482),Jakobi Meyers,23486482,WR/FLEX,4300,NE@MIA 09/11/2022 01:00PM ET,NE,10.96
,,,,,,,,,,WR,Terrace Marshall Jr. (23486486),Terrace Marshall Jr.,23486486,WR/FLEX,4300,CLE@CAR 09/11/2022 01:00PM ET,CAR,2.52
,,,,,,,,,,RB,James White (23486158),James White,23486158,RB/FLEX,4200,-,NE,10.4
,,,,,,,,,,QB,Desmond Ridder (23485950),Desmond Ridder,23485950,QB,4200,NO@ATL 09/11/2022 01:00PM ET,ATL,0
,,,,,,,,,,WR,Bryan Edwards (23486494),Bryan Edwards,23486494,WR/FLEX,4200,NO@ATL 09/11/2022 01:00PM ET,ATL,6.84
,,,,,,,,,,RB,Ameer Abdullah (23486154),Ameer Abdullah,23486154,RB/FLEX,4200,LV@LAC 09/11/2022 04:25PM ET,LV,5.26
,,,,,,,,,,RB,Dare Ogunbowale (23486152),Dare Ogunbowale,23486152,RB/FLEX,4200,IND@HOU 09/11/2022 01:00PM ET,HOU,2.95
,,,,,,,,,,WR,Nico Collins (23486492),Nico Collins,23486492,WR/FLEX,4200,IND@HOU 09/11/2022 01:00PM ET,HOU,5.97
,,,,,,,,,,WR,Curtis Samuel (23486496),Curtis Samuel,23486496,WR/FLEX,4200,JAX@WAS 09/11/2022 01:00PM ET,WAS,1.96
,,,,,,,,,,WR,Darius Slayton (23486490),Darius Slayton,23486490,WR/FLEX,4200,NYG@TEN 09/11/2022 04:25PM ET,NYG,5.35
,,,,,,,,,,QB,Tim Boyle (23485949),Tim Boyle,23485949,QB,4200,PHI@DET 09/11/2022 01:00PM ET,DET,6.07
,,,,,,,,,,RB,Jerick McKinnon (23486156),Jerick McKinnon,23486156,RB/FLEX,4200,KC@ARI 09/11/2022 04:25PM ET,KC,5.46
,,,,,,,,,,RB,Eno Benjamin (23486160),Eno Benjamin,23486160,RB/FLEX,4200,KC@ARI 09/11/2022 04:25PM ET,ARI,3.34
,,,,,,,,,,WR,Kendrick Bourne (23486488),Kendrick Bourne,23486488,WR/FLEX,4200,NE@MIA 09/11/2022 01:00PM ET,NE,11.64
,,,,,,,,,,TE,Pat Freiermuth (23487014),Pat Freiermuth,23487014,TE/FLEX,4200,PIT@CIN 09/11/2022 01:00PM ET,PIT,9.36
,,,,,,,,,,RB,Malcolm Brown (23486168),Malcolm Brown,23486168,RB/FLEX,4100,-,NO,3.21
,,,,,,,,,,QB,Jake Luton (23485951),Jake Luton,23485951,QB,4100,NO@ATL 09/11/2022 01:00PM ET,NO,0
,,,,,,,,,,RB,Kene Nwangwu (23486164),Kene Nwangwu,23486164,RB/FLEX,4100,GB@MIN 09/11/2022 04:25PM ET,MIN,2.09
,,,,,,,,,,QB,Easton Stick (23485952),Easton Stick,23485952,QB,4100,LV@LAC 09/11/2022 04:25PM ET,LAC,0
,,,,,,,,,,WR,John Metchie III (23486504),John Metchie III,23486504,WR/FLEX,4100,IND@HOU 09/11/2022 01:00PM ET,HOU,0
,,,,,,,,,,WR,Zay Jones (23486498),Zay Jones,23486498,WR/FLEX,4100,JAX@WAS 09/11/2022 01:00PM ET,JAX,7.06
,,,,,,,,,,WR,Kadarius Toney (23486500),Kadarius Toney,23486500,WR/FLEX,4100,NYG@TEN 09/11/2022 04:25PM ET,NYG,8.54
,,,,,,,,,,RB,Kyle Juszczyk (23486162),Kyle Juszczyk,23486162,RB/FLEX,4100,SF@CHI 09/11/2022 01:00PM ET,SF,3.94
,,,,,,,,,,DST,49ers  (23487344),49ers ,23487344,DST,4100,SF@CHI 09/11/2022 01:00PM ET,SF,7.6
,,,,,,,,,,RB,Jeremy McNichols (23486166),Jeremy McNichols,23486166,RB/FLEX,4100,PIT@CIN 09/11/2022 01:00PM ET,PIT,5.26
,,,,,,,,,,WR,George Pickens (23486502),George Pickens,23486502,WR/FLEX,4100,PIT@CIN 09/11/2022 01:00PM ET,PIT,0
,,,,,,,,,,QB,Drew Plitt (23485953),Drew Plitt,23485953,QB,4000,-,CIN,0
,,,,,,,,,,QB,Ian Book (23485954),Ian Book,23485954,QB,4000,PHI@DET 09/11/2022 01:00PM ET,PHI,4
,,,,,,,,,,QB,Brett Hundley (23485968),Brett Hundley,23485968,QB,4000,-,BAL,0
,,,,,,,,,,QB,David Blough (23485988),David Blough,23485988,QB,4000,GB@MIN 09/11/2022 04:25PM ET,MIN,0.6
,,,,,,,,,,QB,Kyle Sloter (23485990),Kyle Sloter,23485990,QB,4000,-,JAX,0
,,,,,,,,,,QB,Cole Kelley (23485992),Cole Kelley,23485992,QB,4000,-,WAS,0
,,,,,,,,,,QB,Kevin Hogan (23485994),Kevin Hogan,23485994,QB,4000,-,HOU,0
,,,,,,,,,,QB,Brandon Peters (23485995),Brandon Peters,23485995,QB,4000,-,LAC,0
,,,,,,,,,,QB,Nick Mullens (23485996),Nick Mullens,23485996,QB,4000,GB@MIN 09/11/2022 04:25PM ET,MIN,9.88
,,,,,,,,,,RB,Nathan Cottrell (23486174),Nathan Cottrell,23486174,RB/FLEX,4000,-,JAX,0.08
,,,,,,,,,,RB,Mataeo Durant (23486180),Mataeo Durant,23486180,RB/FLEX,4000,-,PIT,0
,,,,,,,,,,RB,Shermari Jones (23486188),Shermari Jones,23486188,RB/FLEX,4000,-,CIN,0
,,,,,,,,,,RB,Corey Clement (23486194),Corey Clement,23486194,RB/FLEX,4000,-,BAL,1.61
,,,,,,,,,,RB,Darius Bradwell (23486210),Darius Bradwell,23486210,RB/FLEX,4000,-,CAR,0
,,,,,,,,,,RB,Josh Hokit (23486228),Josh Hokit,23486228,RB/FLEX,4000,-,ARI,0
,,,,,,,,,,RB,Ronnie Rivers (23486258),Ronnie Rivers,23486258,RB/FLEX,4000,-,ARI,0
,,,,,,,,,,RB,TJ Pledger (23486260),TJ Pledger,23486260,RB/FLEX,4000,-,ARI,0
,,,,,,,,,,RB,Jeremiah Hall (23486288),Jeremiah Hall,23486288,RB/FLEX,4000,-,NYG,0
,,,,,,,,,,RB,Jordan Wilkins (23486292),Jordan Wilkins,23486292,RB/FLEX,4000,-,TEN,0
,,,,,,,,,,RB,Alex Armah (23486304),Alex Armah,23486304,RB/FLEX,4000,-,WAS,0.84
,,,,,,,,,,RB,CJ Verdell (23486310),CJ Verdell,23486310,RB/FLEX,4000,-,IND,0
,,,,,,,,,,RB,Andy Janovich (23486316),Andy Janovich,23486316,RB/FLEX,4000,-,HOU,0.92
,,,,,,,,,,RB,Jake Bargas (23486340),Jake Bargas,23486340,RB/FLEX,4000,-,MIN,0
,,,,,,,,,,RB,B.J. Baylor (23486348),B.J. Baylor,23486348,RB/FLEX,4000,-,GB,0
,,,,,,,,,,QB,Feleipe Franks (23485999),Feleipe Franks,23485999,QB,4000,NO@ATL 09/11/2022 01:00PM ET,ATL,-0.04
,,,,,,,,,,RB,Dwayne Washington (23486350),Dwayne Washington,23486350,RB/FLEX,4000,NO@ATL 09/11/2022 01:00PM ET,NO,0.34
,,,,,,,,,,RB,Abram Smith (23486352),Abram Smith,23486352,RB/FLEX,4000,NO@ATL 09/11/2022 01:00PM ET,NO,0
,,,,,,,,,,RB,Devine Ozigbo (23486354),Devine Ozigbo,23486354,RB/FLEX,4000,NO@ATL 09/11/2022 01:00PM ET,NO,0.47
,,,,,,,,,,RB,Adam Prentice (23486356),Adam Prentice,23486356,RB/FLEX,4000,NO@ATL 09/11/2022 01:00PM ET,NO,0.73
,,,,,,,,,,RB,Qadree Ollison (23486358),Qadree Ollison,23486358,RB/FLEX,4000,NO@ATL 09/11/2022 01:00PM ET,ATL,2.59
,,,,,,,,,,RB,Caleb Huntley (23486360),Caleb Huntley,23486360,RB/FLEX,4000,NO@ATL 09/11/2022 01:00PM ET,ATL,0
,,,,,,,,,,RB,Avery Williams (23486362),Avery Williams,23486362,RB/FLEX,4000,NO@ATL 09/11/2022 01:00PM ET,ATL,1.4
,,,,,,,,,,RB,Keith Smith (23486364),Keith Smith,23486364,RB/FLEX,4000,NO@ATL 09/11/2022 01:00PM ET,ATL,1.04
,,,,,,,,,,WR,Olamide Zaccheaus (23486510),Olamide Zaccheaus,23486510,WR/FLEX,4000,NO@ATL 09/11/2022 01:00PM ET,ATL,5.28
,,,,,,,,,,QB,Sean Mannion (23485956),Sean Mannion,23485956,QB,4000,GB@MIN 09/11/2022 04:25PM ET,MIN,12.96
,,,,,,,,,,QB,Danny Etling (23485998),Danny Etling,23485998,QB,4000,GB@MIN 09/11/2022 04:25PM ET,GB,0
,,,,,,,,,,RB,Ty Chandler (23486334),Ty Chandler,23486334,RB/FLEX,4000,GB@MIN 09/11/2022 04:25PM ET,MIN,0
,,,,,,,,,,RB,Bryant Koback (23486336),Bryant Koback,23486336,RB/FLEX,4000,GB@MIN 09/11/2022 04:25PM ET,MIN,0
,,,,,,,,,,RB,C.J. Ham (23486338),C.J. Ham,23486338,RB/FLEX,4000,GB@MIN 09/11/2022 04:25PM ET,MIN,1.94
,,,,,,,,,,RB,Kylin Hill (23486342),Kylin Hill,23486342,RB/FLEX,4000,GB@MIN 09/11/2022 04:25PM ET,GB,0.49
,,,,,,,,,,RB,Patrick Taylor (23486344),Patrick Taylor,23486344,RB/FLEX,4000,GB@MIN 09/11/2022 04:25PM ET,GB,1.72
,,,,,,,,,,RB,Tyler Goodson (23486346),Tyler Goodson,23486346,RB/FLEX,4000,GB@MIN 09/11/2022 04:25PM ET,GB,0
,,,,,,,,,,QB,Chase Daniel (23485964),Chase Daniel,23485964,QB,4000,LV@LAC 09/11/2022 04:25PM ET,LAC,-0.2
,,,,,,,,,,QB,Jarrett Stidham (23485965),Jarrett Stidham,23485965,QB,4000,LV@LAC 09/11/2022 04:25PM ET,LV,0
,,,,,,,,,,QB,Chase Garbers (23485997),Chase Garbers,23485997,QB,4000,LV@LAC 09/11/2022 04:25PM ET,LV,0
,,,,,,,,,,RB,Larry Rountree III (23486318),Larry Rountree III,23486318,RB/FLEX,4000,LV@LAC 09/11/2022 04:25PM ET,LAC,1.3
,,,,,,,,,,RB,Leddie Brown (23486320),Leddie Brown,23486320,RB/FLEX,4000,LV@LAC 09/11/2022 04:25PM ET,LAC,0
,,,,,,,,,,RB,Kevin Marks Jr. (23486322),Kevin Marks Jr.,23486322,RB/FLEX,4000,LV@LAC 09/11/2022 04:25PM ET,LAC,0
,,,,,,,,,,RB,Gabe Nabers (23486324),Gabe Nabers,23486324,RB/FLEX,4000,LV@LAC 09/11/2022 04:25PM ET,LAC,0.55
,,,,,,,,,,RB,Zander Horvath (23486326),Zander Horvath,23486326,RB/FLEX,4000,LV@LAC 09/11/2022 04:25PM ET,LAC,0
,,,,,,,,,,RB,Brittain Brown (23486328),Brittain Brown,23486328,RB/FLEX,4000,LV@LAC 09/11/2022 04:25PM ET,LV,0
,,,,,,,,,,RB,Sincere McCormick (23486330),Sincere McCormick,23486330,RB/FLEX,4000,LV@LAC 09/11/2022 04:25PM ET,LV,0
,,,,,,,,,,RB,Jakob Johnson (23486332),Jakob Johnson,23486332,RB/FLEX,4000,LV@LAC 09/11/2022 04:25PM ET,LV,0.46
,,,,,,,,,,RB,Austin Walter (23977616),Austin Walter,23977616,RB/FLEX,4000,LV@LAC 09/11/2022 04:25PM ET,LV,4.75
,,,,,,,,,,QB,Nick Foles (23485955),Nick Foles,23485955,QB,4000,IND@HOU 09/11/2022 01:00PM ET,IND,16.8
,,,,,,,,,,QB,Sam Ehlinger (23485958),Sam Ehlinger,23485958,QB,4000,IND@HOU 09/11/2022 01:00PM ET,IND,0.3
,,,,,,,,,,QB,Jack Coan (23485993),Jack Coan,23485993,QB,4000,IND@HOU 09/11/2022 01:00PM ET,IND,0
,,,,,,,,,,RB,Gerrid Doaks (23486246),Gerrid Doaks,23486246,RB/FLEX,4000,IND@HOU 09/11/2022 01:00PM ET,HOU,0
,,,,,,,,,,RB,Deon Jackson (23486306),Deon Jackson,23486306,RB/FLEX,4000,IND@HOU 09/11/2022 01:00PM ET,IND,1.01
,,,,,,,,,,RB,D'vonte Price (23486308),D'vonte Price,23486308,RB/FLEX,4000,IND@HOU 09/11/2022 01:00PM ET,IND,0
,,,,,,,,,,RB,Royce Freeman (23486312),Royce Freeman,23486312,RB/FLEX,4000,IND@HOU 09/11/2022 01:00PM ET,HOU,2.31
,,,,,,,,,,RB,Darius Anderson (23486314),Darius Anderson,23486314,RB/FLEX,4000,IND@HOU 09/11/2022 01:00PM ET,HOU,0
,,,,,,,,,,RB,Paul Quessenberry (23486370),Paul Quessenberry,23486370,RB/FLEX,4000,IND@HOU 09/11/2022 01:00PM ET,HOU,0
,,,,,,,,,,RB,Troy Hairston (23977614),Troy Hairston,23977614,RB/FLEX,4000,IND@HOU 09/11/2022 01:00PM ET,HOU,0
,,,,,,,,,,QB,C.J. Beathard (23485963),C.J. Beathard,23485963,QB,4000,JAX@WAS 09/11/2022 01:00PM ET,JAX,0.76
,,,,,,,,,,QB,Sam Howell (23485991),Sam Howell,23485991,QB,4000,JAX@WAS 09/11/2022 01:00PM ET,WAS,0
,,,,,,,,,,RB,Jaret Patterson (23486172),Jaret Patterson,23486172,RB/FLEX,4000,JAX@WAS 09/11/2022 01:00PM ET,WAS,3.29
,,,,,,,,,,RB,JaMycal Hasty (23486224),JaMycal Hasty,23486224,RB/FLEX,4000,JAX@WAS 09/11/2022 01:00PM ET,JAX,3.72
,,,,,,,,,,RB,Snoop Conner (23486298),Snoop Conner,23486298,RB/FLEX,4000,JAX@WAS 09/11/2022 01:00PM ET,JAX,0
,,,,,,,,,,RB,Mekhi Sargent (23486300),Mekhi Sargent,23486300,RB/FLEX,4000,JAX@WAS 09/11/2022 01:00PM ET,JAX,0.16
,,,,,,,,,,RB,Reggie Bonnafon (23486302),Reggie Bonnafon,23486302,RB/FLEX,4000,JAX@WAS 09/11/2022 01:00PM ET,WAS,0.9
,,,,,,,,,,RB,Jonathan Williams (23486368),Jonathan Williams,23486368,RB/FLEX,4000,JAX@WAS 09/11/2022 01:00PM ET,WAS,4.14
,,,,,,,,,,QB,E.J. Perry (23977611),E.J. Perry,23977611,QB,4000,JAX@WAS 09/11/2022 01:00PM ET,JAX,0
,,,,,,,,,,QB,Logan Woodside (23485961),Logan Woodside,23485961,QB,4000,NYG@TEN 09/11/2022 04:25PM ET,TEN,-0.12
,,,,,,,,,,QB,Davis Webb (23485989),Davis Webb,23485989,QB,4000,NYG@TEN 09/11/2022 04:25PM ET,NYG,-0.3
,,,,,,,,,,RB,Sandro Platzgummer (23486284),Sandro Platzgummer,23486284,RB/FLEX,4000,NYG@TEN 09/11/2022 04:25PM ET,NYG,0
,,,,,,,,,,RB,Jashaun Corbin (23486286),Jashaun Corbin,23486286,RB/FLEX,4000,NYG@TEN 09/11/2022 04:25PM ET,NYG,0
,,,,,,,,,,RB,Trenton Cannon (23486290),Trenton Cannon,23486290,RB/FLEX,4000,NYG@TEN 09/11/2022 04:25PM ET,TEN,-0.05
,,,,,,,,,,RB,Julius Chestnut (23486294),Julius Chestnut,23486294,RB/FLEX,4000,NYG@TEN 09/11/2022 04:25PM ET,TEN,0
,,,,,,,,,,RB,Tory Carter (23486296),Tory Carter,23486296,RB/FLEX,4000,NYG@TEN 09/11/2022 04:25PM ET,TEN,0
,,,,,,,,,,QB,Nate Sudfeld (23485976),Nate Sudfeld,23485976,QB,4000,PHI@DET 09/11/2022 01:00PM ET,DET,0
,,,,,,,,,,QB,Reid Sinnett (23485986),Reid Sinnett,23485986,QB,4000,PHI@DET 09/11/2022 01:00PM ET,PHI,0
,,,,,,,,,,QB,Carson Strong (23485987),Carson Strong,23485987,QB,4000,PHI@DET 09/11/2022 01:00PM ET,PHI,0
,,,,,,,,,,RB,Kennedy Brooks (23486274),Kennedy Brooks,23486274,RB/FLEX,4000,PHI@DET 09/11/2022 01:00PM ET,PHI,0
,,,,,,,,,,RB,Jermar Jefferson (23486276),Jermar Jefferson,23486276,RB/FLEX,4000,PHI@DET 09/11/2022 01:00PM ET,DET,3.67
,,,,,,,,,,RB,Godwin Igwebuike (23486278),Godwin Igwebuike,23486278,RB/FLEX,4000,PHI@DET 09/11/2022 01:00PM ET,DET,1.69
,,,,,,,,,,RB,Greg Bell (23486280),Greg Bell,23486280,RB/FLEX,4000,PHI@DET 09/11/2022 01:00PM ET,DET,0
,,,,,,,,,,RB,Jason Cabinda (23486282),Jason Cabinda,23486282,RB/FLEX,4000,PHI@DET 09/11/2022 01:00PM ET,DET,0.99
,,,,,,,,,,RB,Craig Reynolds (23486366),Craig Reynolds,23486366,RB/FLEX,4000,PHI@DET 09/11/2022 01:00PM ET,DET,7.64
,,,,,,,,,,RB,Justin Jackson (23977612),Justin Jackson,23977612,RB/FLEX,4000,PHI@DET 09/11/2022 01:00PM ET,DET,6.23
,,,,,,,,,,QB,Chad Henne (23485960),Chad Henne,23485960,QB,4000,KC@ARI 09/11/2022 04:25PM ET,KC,0.82
,,,,,,,,,,QB,Chris Oladokun (23485966),Chris Oladokun,23485966,QB,4000,KC@ARI 09/11/2022 04:25PM ET,KC,0
,,,,,,,,,,QB,Trace McSorley (23485982),Trace McSorley,23485982,QB,4000,KC@ARI 09/11/2022 04:25PM ET,ARI,0
,,,,,,,,,,QB,Jarrett Guarantano (23485983),Jarrett Guarantano,23485983,QB,4000,KC@ARI 09/11/2022 04:25PM ET,ARI,0
,,,,,,,,,,QB,Shane Buechele (23485984),Shane Buechele,23485984,QB,4000,KC@ARI 09/11/2022 04:25PM ET,KC,0
,,,,,,,,,,QB,Dustin Crum (23485985),Dustin Crum,23485985,QB,4000,KC@ARI 09/11/2022 04:25PM ET,KC,0
,,,,,,,,,,RB,Keaontay Ingram (23486254),Keaontay Ingram,23486254,RB/FLEX,4000,KC@ARI 09/11/2022 04:25PM ET,ARI,0
,,,,,,,,,,RB,Jonathan Ward (23486256),Jonathan Ward,23486256,RB/FLEX,4000,KC@ARI 09/11/2022 04:25PM ET,ARI,0.75
,,,,,,,,,,RB,Derrick Gore (23486262),Derrick Gore,23486262,RB/FLEX,4000,KC@ARI 09/11/2022 04:25PM ET,KC,4.34
,,,,,,,,,,RB,Isiah Pacheco (23486264),Isiah Pacheco,23486264,RB/FLEX,4000,KC@ARI 09/11/2022 04:25PM ET,KC,0
,,,,,,,,,,RB,Jerrion Ealy (23486266),Jerrion Ealy,23486266,RB/FLEX,4000,KC@ARI 09/11/2022 04:25PM ET,KC,0
,,,,,,,,,,RB,Tayon Fleet-Davis (23486268),Tayon Fleet-Davis,23486268,RB/FLEX,4000,KC@ARI 09/11/2022 04:25PM ET,KC,0
,,,,,,,,,,RB,Michael Burton (23486270),Michael Burton,23486270,RB/FLEX,4000,KC@ARI 09/11/2022 04:25PM ET,KC,0.80
,,,,,,,,,,WR,Rondale Moore (23486508),Rondale Moore,23486508,WR/FLEX,4000,KC@ARI 09/11/2022 04:25PM ET,ARI,8.09
,,,,,,,,,,QB,Brian Hoyer (23485979),Brian Hoyer,23485979,QB,4000,NE@MIA 09/11/2022 01:00PM ET,NE,2.46
,,,,,,,,,,QB,Bailey Zappe (23485980),Bailey Zappe,23485980,QB,4000,NE@MIA 09/11/2022 01:00PM ET,NE,0
,,,,,,,,,,QB,Skylar Thompson (23485981),Skylar Thompson,23485981,QB,4000,NE@MIA 09/11/2022 01:00PM ET,MIA,0
,,,,,,,,,,RB,Pierre Strong Jr. (23486238),Pierre Strong Jr.,23486238,RB/FLEX,4000,NE@MIA 09/11/2022 01:00PM ET,NE,0
,,,,,,,,,,RB,Kevin Harris (23486240),Kevin Harris,23486240,RB/FLEX,4000,NE@MIA 09/11/2022 01:00PM ET,NE,0
,,,,,,,,,,RB,J.J. Taylor (23486242),J.J. Taylor,23486242,RB/FLEX,4000,NE@MIA 09/11/2022 01:00PM ET,NE,3.9
,,,,,,,,,,RB,Salvon Ahmed (23486244),Salvon Ahmed,23486244,RB/FLEX,4000,NE@MIA 09/11/2022 01:00PM ET,MIA,3.22
,,,,,,,,,,RB,ZaQuandre White (23486248),ZaQuandre White,23486248,RB/FLEX,4000,NE@MIA 09/11/2022 01:00PM ET,MIA,0
,,,,,,,,,,RB,Alec Ingold (23486250),Alec Ingold,23486250,RB/FLEX,4000,NE@MIA 09/11/2022 01:00PM ET,MIA,2.73
,,,,,,,,,,RB,John Lovett (23486252),John Lovett,23486252,RB/FLEX,4000,NE@MIA 09/11/2022 01:00PM ET,MIA,0
,,,,,,,,,,QB,Trevor Siemian (23485962),Trevor Siemian,23485962,QB,4000,SF@CHI 09/11/2022 01:00PM ET,CHI,15.69
,,,,,,,,,,QB,Brock Purdy (23485977),Brock Purdy,23485977,QB,4000,SF@CHI 09/11/2022 01:00PM ET,SF,0
,,,,,,,,,,QB,Nathan Peterman (23485978),Nathan Peterman,23485978,QB,4000,SF@CHI 09/11/2022 01:00PM ET,CHI,0.2
,,,,,,,,,,RB,Jordan Mason (23486226),Jordan Mason,23486226,RB/FLEX,4000,SF@CHI 09/11/2022 01:00PM ET,SF,0
,,,,,,,,,,RB,Darrynton Evans (23486230),Darrynton Evans,23486230,RB/FLEX,4000,SF@CHI 09/11/2022 01:00PM ET,CHI,3.8
,,,,,,,,,,RB,Trestan Ebner (23486232),Trestan Ebner,23486232,RB/FLEX,4000,SF@CHI 09/11/2022 01:00PM ET,CHI,0
,,,,,,,,,,RB,De'Montre Tuggle (23486234),De'Montre Tuggle,23486234,RB/FLEX,4000,SF@CHI 09/11/2022 01:00PM ET,CHI,0
,,,,,,,,,,RB,Khari Blasingame (23486236),Khari Blasingame,23486236,RB/FLEX,4000,SF@CHI 09/11/2022 01:00PM ET,CHI,0.17
,,,,,,,,,,QB,Kellen Mond (23485957),Kellen Mond,23485957,QB,4000,CLE@CAR 09/11/2022 01:00PM ET,CLE,0.2
,,,,,,,,,,QB,Matt Corral (23485972),Matt Corral,23485972,QB,4000,CLE@CAR 09/11/2022 01:00PM ET,CAR,0
,,,,,,,,,,QB,P.J. Walker (23485973),P.J. Walker,23485973,QB,4000,CLE@CAR 09/11/2022 01:00PM ET,CAR,3.56
,,,,,,,,,,QB,Joshua Dobbs (23485974),Joshua Dobbs,23485974,QB,4000,CLE@CAR 09/11/2022 01:00PM ET,CLE,0
,,,,,,,,,,QB,Josh Rosen (23485975),Josh Rosen,23485975,QB,4000,CLE@CAR 09/11/2022 01:00PM ET,CLE,-0.31
,,,,,,,,,,RB,Spencer Brown (23486208),Spencer Brown,23486208,RB/FLEX,4000,CLE@CAR 09/11/2022 01:00PM ET,CAR,0
,,,,,,,,,,RB,John Lovett (23486212),John Lovett,23486212,RB/FLEX,4000,CLE@CAR 09/11/2022 01:00PM ET,CAR,0
,,,,,,,,,,RB,Giovanni Ricci (23486214),Giovanni Ricci,23486214,RB/FLEX,4000,CLE@CAR 09/11/2022 01:00PM ET,CAR,0
,,,,,,,,,,RB,Jerome Ford (23486216),Jerome Ford,23486216,RB/FLEX,4000,CLE@CAR 09/11/2022 01:00PM ET,CLE,0
,,,,,,,,,,RB,Demetric Felton (23486218),Demetric Felton,23486218,RB/FLEX,4000,CLE@CAR 09/11/2022 01:00PM ET,CLE,3.16
,,,,,,,,,,RB,John Kelly Jr. (23486220),John Kelly Jr.,23486220,RB/FLEX,4000,CLE@CAR 09/11/2022 01:00PM ET,CLE,0.32
,,,,,,,,,,RB,Johnny Stanton IV (23486222),Johnny Stanton IV,23486222,RB/FLEX,4000,CLE@CAR 09/11/2022 01:00PM ET,CLE,2.3
,,,,,,,,,,QB,Jacob Eason (23977610),Jacob Eason,23977610,QB,4000,CLE@CAR 09/11/2022 01:00PM ET,CAR,0
,,,,,,,,,,QB,Anthony Brown (23485969),Anthony Brown,23485969,QB,4000,BAL@NYJ 09/11/2022 01:00PM ET,BAL,0
,,,,,,,,,,QB,Mike White (23485970),Mike White,23485970,QB,4000,BAL@NYJ 09/11/2022 01:00PM ET,NYJ,13.76
,,,,,,,,,,QB,Chris Streveler (23485971),Chris Streveler,23485971,QB,4000,BAL@NYJ 09/11/2022 01:00PM ET,NYJ,1.02
,,,,,,,,,,RB,Ty Johnson (23486176),Ty Johnson,23486176,RB/FLEX,4000,BAL@NYJ 09/11/2022 01:00PM ET,NYJ,7.38
,,,,,,,,,,RB,Justice Hill (23486192),Justice Hill,23486192,RB/FLEX,4000,BAL@NYJ 09/11/2022 01:00PM ET,BAL,0
,,,,,,,,,,RB,Nate McCrary (23486196),Nate McCrary,23486196,RB/FLEX,4000,BAL@NYJ 09/11/2022 01:00PM ET,BAL,-0.1
,,,,,,,,,,RB,Ricky Person Jr. (23486198),Ricky Person Jr.,23486198,RB/FLEX,4000,BAL@NYJ 09/11/2022 01:00PM ET,BAL,0
,,,,,,,,,,RB,Patrick Ricard (23486200),Patrick Ricard,23486200,RB/FLEX,4000,BAL@NYJ 09/11/2022 01:00PM ET,BAL,1.59
,,,,,,,,,,RB,La'Mical Perine (23486202),La'Mical Perine,23486202,RB/FLEX,4000,BAL@NYJ 09/11/2022 01:00PM ET,NYJ,0.78
,,,,,,,,,,RB,Zonovan Knight (23486204),Zonovan Knight,23486204,RB/FLEX,4000,BAL@NYJ 09/11/2022 01:00PM ET,NYJ,0
,,,,,,,,,,RB,Nick Bawden (23486206),Nick Bawden,23486206,RB/FLEX,4000,BAL@NYJ 09/11/2022 01:00PM ET,NYJ,0.33
,,,,,,,,,,WR,Braxton Berrios (23486506),Braxton Berrios,23486506,WR/FLEX,4000,BAL@NYJ 09/11/2022 01:00PM ET,NYJ,7.63
,,,,,,,,,,DST,Ravens  (23487345),Ravens ,23487345,DST,4000,BAL@NYJ 09/11/2022 01:00PM ET,BAL,5
,,,,,,,,,,QB,Brandon Allen (23485959),Brandon Allen,23485959,QB,4000,PIT@CIN 09/11/2022 01:00PM ET,CIN,2.31
,,,,,,,,,,QB,Jake Browning (23485967),Jake Browning,23485967,QB,4000,PIT@CIN 09/11/2022 01:00PM ET,CIN,0
,,,,,,,,,,RB,Jacques Patrick (23486170),Jacques Patrick,23486170,RB/FLEX,4000,PIT@CIN 09/11/2022 01:00PM ET,CIN,0.6
,,,,,,,,,,RB,Anthony McFarland Jr. (23486178),Anthony McFarland Jr.,23486178,RB/FLEX,4000,PIT@CIN 09/11/2022 01:00PM ET,PIT,1.2
,,,,,,,,,,RB,Jaylen Warren (23486182),Jaylen Warren,23486182,RB/FLEX,4000,PIT@CIN 09/11/2022 01:00PM ET,PIT,0
,,,,,,,,,,RB,Derek Watt (23486184),Derek Watt,23486184,RB/FLEX,4000,PIT@CIN 09/11/2022 01:00PM ET,PIT,0.26
,,,,,,,,,,RB,Trayveon Williams (23486186),Trayveon Williams,23486186,RB/FLEX,4000,PIT@CIN 09/11/2022 01:00PM ET,CIN,1.3
,,,,,,,,,,RB,Elijah Holyfield (23486190),Elijah Holyfield,23486190,RB/FLEX,4000,PIT@CIN 09/11/2022 01:00PM ET,CIN,0
,,,,,,,,,,RB,Jason Huntley (23486272),Jason Huntley,23486272,RB/FLEX,4000,PIT@CIN 09/11/2022 01:00PM ET,PIT,5.1
,,,,,,,,,,TE,Robert Tonyan (23487026),Robert Tonyan,23487026,TE/FLEX,3900,GB@MIN 09/11/2022 04:25PM ET,GB,6.3
,,,,,,,,,,WR,Alec Pierce (23486516),Alec Pierce,23486516,WR/FLEX,3900,IND@HOU 09/11/2022 01:00PM ET,IND,0
,,,,,,,,,,DST,Colts  (23487346),Colts ,23487346,DST,3900,IND@HOU 09/11/2022 01:00PM ET,IND,8.12
,,,,,,,,,,WR,Cedrick Wilson Jr. (23486514),Cedrick Wilson Jr.,23486514,WR/FLEX,3900,NE@MIA 09/11/2022 01:00PM ET,MIA,9.71
,,,,,,,,,,WR,Laviska Shenault Jr. (23486512),Laviska Shenault Jr.,23486512,WR/FLEX,3900,CLE@CAR 09/11/2022 01:00PM ET,CAR,8
,,,,,,,,,,TE,David Njoku (23487018),David Njoku,23487018,TE/FLEX,3900,CLE@CAR 09/11/2022 01:00PM ET,CLE,6.91
,,,,,,,,,,WR,Joshua Palmer (23486518),Joshua Palmer,23486518,WR/FLEX,3800,LV@LAC 09/11/2022 04:25PM ET,LAC,5.46
,,,,,,,,,,TE,Gerald Everett (23487022),Gerald Everett,23487022,TE/FLEX,3800,LV@LAC 09/11/2022 04:25PM ET,LAC,7.99
,,,,,,,,,,WR,Skyy Moore (23486522),Skyy Moore,23486522,WR/FLEX,3800,KC@ARI 09/11/2022 04:25PM ET,KC,0
,,,,,,,,,,TE,Hunter Henry (23487020),Hunter Henry,23487020,TE/FLEX,3800,NE@MIA 09/11/2022 01:00PM ET,NE,9.35
,,,,,,,,,,WR,Freddie Swain (23977618),Freddie Swain,23977618,WR/FLEX,3800,NE@MIA 09/11/2022 01:00PM ET,MIA,5.09
,,,,,,,,,,DST,Browns  (23487347),Browns ,23487347,DST,3800,CLE@CAR 09/11/2022 01:00PM ET,CLE,6.24
,,,,,,,,,,WR,Devin Duvernay (23486520),Devin Duvernay,23486520,WR/FLEX,3800,BAL@NYJ 09/11/2022 01:00PM ET,BAL,5.2
,,,,,,,,,,DST,Saints  (23487348),Saints ,23487348,DST,3700,NO@ATL 09/11/2022 01:00PM ET,NO,8.53
,,,,,,,,,,TE,Austin Hooper (23487024),Austin Hooper,23487024,TE/FLEX,3700,NYG@TEN 09/11/2022 04:25PM ET,TEN,5.78
,,,,,,,,,,WR,Laquon Treadwell (23486524),Laquon Treadwell,23486524,WR/FLEX,3700,NE@MIA 09/11/2022 01:00PM ET,NE,6.87
,,,,,,,,,,TE,Cole Kmet (23487016),Cole Kmet,23487016,TE/FLEX,3700,SF@CHI 09/11/2022 01:00PM ET,CHI,7.13
,,,,,,,,,,WR,Josh Reynolds (23486526),Josh Reynolds,23486526,WR/FLEX,3600,PHI@DET 09/11/2022 01:00PM ET,DET,6.72
,,,,,,,,,,WR,Velus Jones Jr. (23486530),Velus Jones Jr.,23486530,WR/FLEX,3600,SF@CHI 09/11/2022 01:00PM ET,CHI,0
,,,,,,,,,,WR,David Bell (23486528),David Bell,23486528,WR/FLEX,3600,CLE@CAR 09/11/2022 01:00PM ET,CLE,0
,,,,,,,,,,TE,C.J. Uzomah (23487028),C.J. Uzomah,23487028,TE/FLEX,3600,BAL@NYJ 09/11/2022 01:00PM ET,NYJ,8.20
,,,,,,,,,,DST,Bengals  (23487349),Bengals ,23487349,DST,3600,PIT@CIN 09/11/2022 01:00PM ET,CIN,6.57
,,,,,,,,,,WR,Marquez Callaway (23486532),Marquez Callaway,23486532,WR/FLEX,3500,NO@ATL 09/11/2022 01:00PM ET,NO,9.11
,,,,,,,,,,WR,Damiere Byrd (23486540),Damiere Byrd,23486540,WR/FLEX,3500,NO@ATL 09/11/2022 01:00PM ET,ATL,3.88
,,,,,,,,,,WR,Keelan Cole (23486536),Keelan Cole,23486536,WR/FLEX,3500,LV@LAC 09/11/2022 04:25PM ET,LV,5.26
,,,,,,,,,,WR,Cam Sims (23486538),Cam Sims,23486538,WR/FLEX,3500,JAX@WAS 09/11/2022 01:00PM ET,WAS,3.49
,,,,,,,,,,TE,Evan Engram (23487032),Evan Engram,23487032,TE/FLEX,3500,JAX@WAS 09/11/2022 01:00PM ET,JAX,6.9
,,,,,,,,,,DST,Titans  (23487350),Titans ,23487350,DST,3500,NYG@TEN 09/11/2022 04:25PM ET,TEN,7.5
,,,,,,,,,,WR,Kalif Raymond (23486534),Kalif Raymond,23486534,WR/FLEX,3500,PHI@DET 09/11/2022 01:00PM ET,DET,8.65
,,,,,,,,,,TE,Tyler Conklin (23487030),Tyler Conklin,23487030,TE/FLEX,3500,BAL@NYJ 09/11/2022 01:00PM ET,NYJ,8.14
,,,,,,,,,,WR,Randall Cobb (23486548),Randall Cobb,23486548,WR/FLEX,3400,GB@MIN 09/11/2022 04:25PM ET,GB,7.28
,,,,,,,,,,TE,Irv Smith Jr. (23487036),Irv Smith Jr.,23487036,TE/FLEX,3400,GB@MIN 09/11/2022 04:25PM ET,MIN,0
,,,,,,,,,,TE,Mo Alie-Cox (23487034),Mo Alie-Cox,23487034,TE/FLEX,3400,IND@HOU 09/11/2022 01:00PM ET,IND,4.68
,,,,,,,,,,WR,Jahan Dotson (23486554),Jahan Dotson,23486554,WR/FLEX,3400,JAX@WAS 09/11/2022 01:00PM ET,WAS,0
,,,,,,,,,,WR,Quez Watkins (23486542),Quez Watkins,23486542,WR/FLEX,3400,PHI@DET 09/11/2022 01:00PM ET,PHI,6.92
,,,,,,,,,,WR,Antoine Wesley (23486552),Antoine Wesley,23486552,WR/FLEX,3400,KC@ARI 09/11/2022 04:25PM ET,ARI,3.74
,,,,,,,,,,WR,Nelson Agholor (23486544),Nelson Agholor,23486544,WR/FLEX,3400,NE@MIA 09/11/2022 01:00PM ET,NE,6.64
,,,,,,,,,,WR,Rashard Higgins (23486550),Rashard Higgins,23486550,WR/FLEX,3400,CLE@CAR 09/11/2022 01:00PM ET,CAR,3.83
,,,,,,,,,,DST,Panthers  (23487351),Panthers ,23487351,DST,3400,CLE@CAR 09/11/2022 01:00PM ET,CAR,5.18
,,,,,,,,,,WR,Demarcus Robinson (23486546),Demarcus Robinson,23486546,WR/FLEX,3400,BAL@NYJ 09/11/2022 01:00PM ET,BAL,4.05
,,,,,,,,,,DST,Chargers  (23487352),Chargers ,23487352,DST,3300,LV@LAC 09/11/2022 04:25PM ET,LAC,4.59
,,,,,,,,,,WR,Chris Conley (23486556),Chris Conley,23486556,WR/FLEX,3300,IND@HOU 09/11/2022 01:00PM ET,HOU,4.1
,,,,,,,,,,WR,Parris Campbell (23486564),Parris Campbell,23486564,WR/FLEX,3300,IND@HOU 09/11/2022 01:00PM ET,IND,5.37
,,,,,,,,,,WR,Tyler Johnson (23977620),Tyler Johnson,23977620,WR/FLEX,3300,IND@HOU 09/11/2022 01:00PM ET,HOU,4.29
,,,,,,,,,,WR,Josh Gordon (23486562),Josh Gordon,23486562,WR/FLEX,3300,NYG@TEN 09/11/2022 04:25PM ET,TEN,1.18
,,,,,,,,,,TE,Ricky Seals-Jones (23487040),Ricky Seals-Jones,23487040,TE/FLEX,3300,NYG@TEN 09/11/2022 04:25PM ET,NYG,5.32
,,,,,,,,,,WR,Jakeem Grant Sr. (23486558),Jakeem Grant Sr.,23486558,WR/FLEX,3300,CLE@CAR 09/11/2022 01:00PM ET,CLE,2.83
,,,,,,,,,,WR,James Proche II (23486560),James Proche II,23486560,WR/FLEX,3300,BAL@NYJ 09/11/2022 01:00PM ET,BAL,2.59
,,,,,,,,,,TE,Hayden Hurst (23487038),Hayden Hurst,23487038,TE/FLEX,3300,PIT@CIN 09/11/2022 01:00PM ET,CIN,5.01
,,,,,,,,,,TE,Anthony Firkser (23487044),Anthony Firkser,23487044,TE/FLEX,3200,NO@ATL 09/11/2022 01:00PM ET,ATL,5.01
,,,,,,,,,,DST,Packers  (23487353),Packers ,23487353,DST,3200,GB@MIN 09/11/2022 04:25PM ET,GB,7.06
,,,,,,,,,,WR,Jalen Guyton (23486566),Jalen Guyton,23486566,WR/FLEX,3200,LV@LAC 09/11/2022 04:25PM ET,LAC,6.08
,,,,,,,,,,TE,Foster Moreau (23487042),Foster Moreau,23487042,TE/FLEX,3200,LV@LAC 09/11/2022 04:25PM ET,LV,4.74
,,,,,,,,,,WR,Ashton Dulin (23486570),Ashton Dulin,23486570,WR/FLEX,3200,IND@HOU 09/11/2022 01:00PM ET,IND,2.68
,,,,,,,,,,TE,Logan Thomas (23487046),Logan Thomas,23487046,TE/FLEX,3200,JAX@WAS 09/11/2022 01:00PM ET,WAS,9.1
,,,,,,,,,,TE,Kendall Blanton (23977638),Kendall Blanton,23977638,TE/FLEX,3200,KC@ARI 09/11/2022 04:25PM ET,KC,1.88
,,,,,,,,,,WR,Danny Gray (23486574),Danny Gray,23486574,WR/FLEX,3200,SF@CHI 09/11/2022 01:00PM ET,SF,0
,,,,,,,,,,WR,Willie Snead IV (23977622),Willie Snead IV,23977622,WR/FLEX,3200,SF@CHI 09/11/2022 01:00PM ET,SF,0.87
,,,,,,,,,,WR,Anthony Schwartz (23486568),Anthony Schwartz,23486568,WR/FLEX,3200,CLE@CAR 09/11/2022 01:00PM ET,CLE,2.39
,,,,,,,,,,WR,Calvin Austin III (23486572),Calvin Austin III,23486572,WR/FLEX,3200,PIT@CIN 09/11/2022 01:00PM ET,PIT,0
,,,,,,,,,,WR,KhaDarel Hodge (23486580),KhaDarel Hodge,23486580,WR/FLEX,3100,NO@ATL 09/11/2022 01:00PM ET,ATL,1.92
,,,,,,,,,,TE,Adam Trautman (23487054),Adam Trautman,23487054,TE/FLEX,3100,NO@ATL 09/11/2022 01:00PM ET,NO,4.95
,,,,,,,,,,WR,DeAndre Carter (23486582),DeAndre Carter,23486582,WR/FLEX,3100,LV@LAC 09/11/2022 04:25PM ET,LAC,5.09
,,,,,,,,,,TE,Brevin Jordan (23487048),Brevin Jordan,23487048,TE/FLEX,3100,IND@HOU 09/11/2022 01:00PM ET,HOU,6.2
,,,,,,,,,,TE,John Bates (23487050),John Bates,23487050,TE/FLEX,3100,JAX@WAS 09/11/2022 01:00PM ET,WAS,2.99
,,,,,,,,,,WR,Seth Williams (23977624),Seth Williams,23977624,WR/FLEX,3100,JAX@WAS 09/11/2022 01:00PM ET,JAX,2.2
,,,,,,,,,,DST,Eagles  (23487354),Eagles ,23487354,DST,3100,PHI@DET 09/11/2022 01:00PM ET,PHI,6.33
,,,,,,,,,,WR,Jauan Jennings (23486576),Jauan Jennings,23486576,WR/FLEX,3100,SF@CHI 09/11/2022 01:00PM ET,SF,4.87
,,,,,,,,,,WR,Tajae Sharpe (23486578),Tajae Sharpe,23486578,WR/FLEX,3100,SF@CHI 09/11/2022 01:00PM ET,CHI,3.2
,,,,,,,,,,TE,Tommy Tremble (23487052),Tommy Tremble,23487052,TE/FLEX,3100,CLE@CAR 09/11/2022 01:00PM ET,CAR,3.32
,,,,,,,,,,WR,Bailey Gaither (23486584),Bailey Gaither,23486584,WR/FLEX,3000,-,BAL,0
,,,,,,,,,,WR,Lance Lenoir (23486586),Lance Lenoir,23486586,WR/FLEX,3000,-,PHI,0
,,,,,,,,,,WR,Terry Godwin (23486588),Terry Godwin,23486588,WR/FLEX,3000,-,TEN,0
,,,,,,,,,,WR,Albert Wilson (23486604),Albert Wilson,23486604,WR/FLEX,3000,-,MIN,3.43
,,,,,,,,,,WR,Pooka Williams Jr. (23486636),Pooka Williams Jr.,23486636,WR/FLEX,3000,-,CIN,0
,,,,,,,,,,WR,Jaivon Heiligh (23486638),Jaivon Heiligh,23486638,WR/FLEX,3000,-,CIN,0
,,,,,,,,,,WR,Jack Sorenson (23486642),Jack Sorenson,23486642,WR/FLEX,3000,-,CIN,0
,,,,,,,,,,WR,Slade Bolden (23486650),Slade Bolden,23486650,WR/FLEX,3000,-,BAL,0
,,,,,,,,,,WR,Trevon Clark (23486654),Trevon Clark,23486654,WR/FLEX,3000,-,BAL,0
,,,,,,,,,,WR,Devon Williams (23486660),Devon Williams,23486660,WR/FLEX,3000,-,BAL,0
,,,,,,,,,,WR,Rashard Davis (23486668),Rashard Davis,23486668,WR/FLEX,3000,-,NYJ,0
,,,,,,,,,,WR,Keshunn Abram (23486670),Keshunn Abram,23486670,WR/FLEX,3000,-,NYJ,0
,,,,,,,,,,WR,Andrew Parchment (23486690),Andrew Parchment,23486690,WR/FLEX,3000,-,CAR,0
,,,,,,,,,,WR,Travell Harris (23486704),Travell Harris,23486704,WR/FLEX,3000,-,CLE,0
,,,,,,,,,,WR,KeeSean Johnson (23486710),KeeSean Johnson,23486710,WR/FLEX,3000,NO@ATL 09/11/2022 01:00PM ET,ATL,0
,,,,,,,,,,WR,Taysir Mack (23486716),Taysir Mack,23486716,WR/FLEX,3000,-,SF,0
,,,,,,,,,,WR,Dazz Newsome (23486720),Dazz Newsome,23486720,WR/FLEX,3000,-,CHI,1.43
,,,,,,,,,,WR,Lynn Bowden Jr. (23486750),Lynn Bowden Jr.,23486750,WR/FLEX,3000,NE@MIA 09/11/2022 01:00PM ET,NE,0
,,,,,,,,,,WR,DeVonte Dedmon (23486758),DeVonte Dedmon,23486758,WR/FLEX,3000,-,MIA,0
,,,,,,,,,,WR,Christian Blake (23486768),Christian Blake,23486768,WR/FLEX,3000,-,PIT,0.41
,,,,,,,,,,WR,Omar Bayless (23486784),Omar Bayless,23486784,WR/FLEX,3000,-,KC,0
,,,,,,,,,,WR,Keric Wheatfall (23486802),Keric Wheatfall,23486802,WR/FLEX,3000,-,PHI,0
,,,,,,,,,,WR,Josh Johnson (23486810),Josh Johnson,23486810,WR/FLEX,3000,-,DET,0
,,,,,,,,,,WR,Corey Sutton (23486812),Corey Sutton,23486812,WR/FLEX,3000,-,DET,0
,,,,,,,,,,WR,Keelan Doss (23486830),Keelan Doss,23486830,WR/FLEX,3000,-,NYG,0
,,,,,,,,,,WR,Austin Proehl (23486832),Austin Proehl,23486832,WR/FLEX,3000,-,NYG,0
,,,,,,,,,,WR,Josh Malone (23486842),Josh Malone,23486842,WR/FLEX,3000,-,TEN,0
,,,,,,,,,,WR,Brandon Lewis (23486848),Brandon Lewis,23486848,WR/FLEX,3000,-,TEN,0
,,,,,,,,,,WR,Marvin Hall (23486850),Marvin Hall,23486850,WR/FLEX,3000,-,JAX,1
,,,,,,,,,,WR,LuJuan Winningham (23486858),LuJuan Winningham,23486858,WR/FLEX,3000,-,JAX,0
,,,,,,,,,,WR,Ryan McDaniel (23486862),Ryan McDaniel,23486862,WR/FLEX,3000,-,JAX,0
,,,,,,,,,,WR,Kelvin Harmon (23486870),Kelvin Harmon,23486870,WR/FLEX,3000,-,WAS,0
,,,,,,,,,,WR,Jequez Ezzard (23486876),Jequez Ezzard,23486876,WR/FLEX,3000,-,WAS,0
,,,,,,,,,,WR,Isaiah Ford (23486886),Isaiah Ford,23486886,WR/FLEX,3000,-,IND,3.08
,,,,,,,,,,WR,Michael Young Jr. (23486892),Michael Young Jr.,23486892,WR/FLEX,3000,-,IND,0
,,,,,,,,,,WR,John Hurst (23486894),John Hurst,23486894,WR/FLEX,3000,-,IND,0
,,,,,,,,,,WR,Davion Davis (23486900),Davion Davis,23486900,WR/FLEX,3000,-,HOU,1.35
,,,,,,,,,,WR,Chad Beebe (23486904),Chad Beebe,23486904,WR/FLEX,3000,-,HOU,0
,,,,,,,,,,WR,Maurice Ffrench (23486918),Maurice Ffrench,23486918,WR/FLEX,3000,-,LAC,0.1
,,,,,,,,,,WR,Jordan Veasy (23486926),Jordan Veasy,23486926,WR/FLEX,3000,-,LV,0
,,,,,,,,,,WR,Danny Davis (23486964),Danny Davis,23486964,WR/FLEX,3000,-,GB,0
,,,,,,,,,,WR,Osirus Mitchell (23486966),Osirus Mitchell,23486966,WR/FLEX,3000,-,GB,0
,,,,,,,,,,WR,Geronimo Allison (23486986),Geronimo Allison,23486986,WR/FLEX,3000,-,ATL,0
,,,,,,,,,,WR,Tyshaun James (23486988),Tyshaun James,23486988,WR/FLEX,3000,-,ATL,0
,,,,,,,,,,WR,Calvin Ridley (23486592),Calvin Ridley,23486592,WR/FLEX,3000,NO@ATL 09/11/2022 01:00PM ET,ATL,14.22
,,,,,,,,,,WR,Deonte Harty (23486594),Deonte Harty,23486594,WR/FLEX,3000,NO@ATL 09/11/2022 01:00PM ET,NO,8.78
,,,,,,,,,,WR,Kevin White (23486968),Kevin White,23486968,WR/FLEX,3000,NO@ATL 09/11/2022 01:00PM ET,NO,0.8
,,,,,,,,,,WR,Kawaan Baker (23486970),Kawaan Baker,23486970,WR/FLEX,3000,NO@ATL 09/11/2022 01:00PM ET,NO,0
,,,,,,,,,,WR,Easop Winston (23486972),Easop Winston,23486972,WR/FLEX,3000,NO@ATL 09/11/2022 01:00PM ET,NO,0.5
,,,,,,,,,,WR,Kirk Merritt (23486974),Kirk Merritt,23486974,WR/FLEX,3000,NO@ATL 09/11/2022 01:00PM ET,NO,1.15
,,,,,,,,,,WR,Dai'Jean Dixon (23486976),Dai'Jean Dixon,23486976,WR/FLEX,3000,NO@ATL 09/11/2022 01:00PM ET,NO,0
,,,,,,,,,,WR,Rashid Shaheed (23486978),Rashid Shaheed,23486978,WR/FLEX,3000,NO@ATL 09/11/2022 01:00PM ET,NO,0
,,,,,,,,,,WR,Cameron Batson (23486982),Cameron Batson,23486982,WR/FLEX,3000,NO@ATL 09/11/2022 01:00PM ET,ATL,2.75
,,,,,,,,,,WR,Frank Darby (23486984),Frank Darby,23486984,WR/FLEX,3000,NO@ATL 09/11/2022 01:00PM ET,ATL,0.24
,,,,,,,,,,WR,Stanley Berryhill (23486990),Stanley Berryhill,23486990,WR/FLEX,3000,NO@ATL 09/11/2022 01:00PM ET,ATL,0
,,,,,,,,,,WR,Jared Bernhardt (23486992),Jared Bernhardt,23486992,WR/FLEX,3000,NO@ATL 09/11/2022 01:00PM ET,ATL,0
,,,,,,,,,,WR,Josh Ali (23977636),Josh Ali,23977636,WR/FLEX,3000,NO@ATL 09/11/2022 01:00PM ET,ATL,0
,,,,,,,,,,WR,Ishmael Hyman (23486590),Ishmael Hyman,23486590,WR/FLEX,3000,GB@MIN 09/11/2022 04:25PM ET,GB,0
,,,,,,,,,,WR,Bisi Johnson (23486938),Bisi Johnson,23486938,WR/FLEX,3000,GB@MIN 09/11/2022 04:25PM ET,MIN,0
,,,,,,,,,,WR,Jalen Nailor (23486940),Jalen Nailor,23486940,WR/FLEX,3000,GB@MIN 09/11/2022 04:25PM ET,MIN,0
,,,,,,,,,,WR,Dan Chisena (23486942),Dan Chisena,23486942,WR/FLEX,3000,GB@MIN 09/11/2022 04:25PM ET,MIN,0
,,,,,,,,,,WR,Myron Mitchell (23486944),Myron Mitchell,23486944,WR/FLEX,3000,GB@MIN 09/11/2022 04:25PM ET,MIN,0
,,,,,,,,,,WR,Blake Proehl (23486946),Blake Proehl,23486946,WR/FLEX,3000,GB@MIN 09/11/2022 04:25PM ET,MIN,0
,,,,,,,,,,WR,Trishton Jackson (23486948),Trishton Jackson,23486948,WR/FLEX,3000,GB@MIN 09/11/2022 04:25PM ET,MIN,0
,,,,,,,,,,WR,Thomas Hennigan (23486950),Thomas Hennigan,23486950,WR/FLEX,3000,GB@MIN 09/11/2022 04:25PM ET,MIN,0
,,,,,,,,,,WR,Amari Rodgers (23486952),Amari Rodgers,23486952,WR/FLEX,3000,GB@MIN 09/11/2022 04:25PM ET,GB,0.56
,,,,,,,,,,WR,Romeo Doubs (23486954),Romeo Doubs,23486954,WR/FLEX,3000,GB@MIN 09/11/2022 04:25PM ET,GB,0
,,,,,,,,,,WR,Juwann Winfree (23486956),Juwann Winfree,23486956,WR/FLEX,3000,GB@MIN 09/11/2022 04:25PM ET,GB,1.6
,,,,,,,,,,WR,Malik Taylor (23486958),Malik Taylor,23486958,WR/FLEX,3000,GB@MIN 09/11/2022 04:25PM ET,GB,0.24
,,,,,,,,,,WR,Samori Toure (23486960),Samori Toure,23486960,WR/FLEX,3000,GB@MIN 09/11/2022 04:25PM ET,GB,0
,,,,,,,,,,WR,Rico Gafford (23486962),Rico Gafford,23486962,WR/FLEX,3000,GB@MIN 09/11/2022 04:25PM ET,GB,0
,,,,,,,,,,WR,Jalen Reagor (23486994),Jalen Reagor,23486994,WR/FLEX,3000,GB@MIN 09/11/2022 04:25PM ET,MIN,4.35
,,,,,,,,,,WR,Travis Toivonen (23977632),Travis Toivonen,23977632,WR/FLEX,3000,GB@MIN 09/11/2022 04:25PM ET,MIN,0
,,,,,,,,,,WR,Travis Fulgham (23977634),Travis Fulgham,23977634,WR/FLEX,3000,GB@MIN 09/11/2022 04:25PM ET,GB,0
,,,,,,,,,,WR,Jason Moore Jr. (23486912),Jason Moore Jr.,23486912,WR/FLEX,3000,LV@LAC 09/11/2022 04:25PM ET,LAC,4.3
,,,,,,,,,,WR,Joe Reed (23486914),Joe Reed,23486914,WR/FLEX,3000,LV@LAC 09/11/2022 04:25PM ET,LAC,0
,,,,,,,,,,WR,Michael Bandy (23486916),Michael Bandy,23486916,WR/FLEX,3000,LV@LAC 09/11/2022 04:25PM ET,LAC,0
,,,,,,,,,,WR,Trevon Bradford (23486920),Trevon Bradford,23486920,WR/FLEX,3000,LV@LAC 09/11/2022 04:25PM ET,LAC,0
,,,,,,,,,,WR,Mack Hollins (23486922),Mack Hollins,23486922,WR/FLEX,3000,LV@LAC 09/11/2022 04:25PM ET,LV,3.55
,,,,,,,,,,WR,Tyron Johnson (23486924),Tyron Johnson,23486924,WR/FLEX,3000,LV@LAC 09/11/2022 04:25PM ET,LV,0.33
,,,,,,,,,,WR,Isaiah Zuber (23486928),Isaiah Zuber,23486928,WR/FLEX,3000,LV@LAC 09/11/2022 04:25PM ET,LV,0
,,,,,,,,,,WR,Dillon Stoner (23486930),Dillon Stoner,23486930,WR/FLEX,3000,LV@LAC 09/11/2022 04:25PM ET,LV,0
,,,,,,,,,,WR,DJ Turner (23486932),DJ Turner,23486932,WR/FLEX,3000,LV@LAC 09/11/2022 04:25PM ET,LV,0
,,,,,,,,,,WR,Justin Hall (23486934),Justin Hall,23486934,WR/FLEX,3000,LV@LAC 09/11/2022 04:25PM ET,LV,0
,,,,,,,,,,WR,Dezmon Patmon (23486878),Dezmon Patmon,23486878,WR/FLEX,3000,IND@HOU 09/11/2022 01:00PM ET,IND,1.26
,,,,,,,,,,WR,Mike Strachan (23486880),Mike Strachan,23486880,WR/FLEX,3000,IND@HOU 09/11/2022 01:00PM ET,IND,0.77
,,,,,,,,,,WR,Keke Coutee (23486882),Keke Coutee,23486882,WR/FLEX,3000,IND@HOU 09/11/2022 01:00PM ET,IND,0.75
,,,,,,,,,,WR,DeMichael Harris (23486884),DeMichael Harris,23486884,WR/FLEX,3000,IND@HOU 09/11/2022 01:00PM ET,IND,0
,,,,,,,,,,WR,Samson Nacua (23486888),Samson Nacua,23486888,WR/FLEX,3000,IND@HOU 09/11/2022 01:00PM ET,IND,0
,,,,,,,,,,WR,Ethan Fernea (23486890),Ethan Fernea,23486890,WR/FLEX,3000,IND@HOU 09/11/2022 01:00PM ET,IND,0
,,,,,,,,,,WR,Chris Moore (23486896),Chris Moore,23486896,WR/FLEX,3000,IND@HOU 09/11/2022 01:00PM ET,HOU,4.89
,,,,,,,,,,WR,Phillip Dorsett II (23486898),Phillip Dorsett II,23486898,WR/FLEX,3000,IND@HOU 09/11/2022 01:00PM ET,HOU,3
,,,,,,,,,,WR,Jalen Camp (23486902),Jalen Camp,23486902,WR/FLEX,3000,IND@HOU 09/11/2022 01:00PM ET,HOU,0
,,,,,,,,,,WR,Connor Wedington (23486906),Connor Wedington,23486906,WR/FLEX,3000,IND@HOU 09/11/2022 01:00PM ET,HOU,0
,,,,,,,,,,WR,Drew Estrada (23486908),Drew Estrada,23486908,WR/FLEX,3000,IND@HOU 09/11/2022 01:00PM ET,HOU,0
,,,,,,,,,,WR,Johnny Johnson III (23486910),Johnny Johnson III,23486910,WR/FLEX,3000,IND@HOU 09/11/2022 01:00PM ET,HOU,0
,,,,,,,,,,WR,Jamal Agnew (23486596),Jamal Agnew,23486596,WR/FLEX,3000,JAX@WAS 09/11/2022 01:00PM ET,JAX,8.2
,,,,,,,,,,WR,Kendric Pryor (23486640),Kendric Pryor,23486640,WR/FLEX,3000,JAX@WAS 09/11/2022 01:00PM ET,JAX,0
,,,,,,,,,,WR,Jaylon Moore (23486646),Jaylon Moore,23486646,WR/FLEX,3000,JAX@WAS 09/11/2022 01:00PM ET,JAX,0
,,,,,,,,,,WR,Jeff Cotton Jr. (23486852),Jeff Cotton Jr.,23486852,WR/FLEX,3000,JAX@WAS 09/11/2022 01:00PM ET,JAX,0
,,,,,,,,,,WR,Tim Jones (23486854),Tim Jones,23486854,WR/FLEX,3000,JAX@WAS 09/11/2022 01:00PM ET,JAX,0
,,,,,,,,,,WR,Kevin Austin Jr. (23486856),Kevin Austin Jr.,23486856,WR/FLEX,3000,JAX@WAS 09/11/2022 01:00PM ET,JAX,0
,,,,,,,,,,WR,Willie Johnson (23486860),Willie Johnson,23486860,WR/FLEX,3000,JAX@WAS 09/11/2022 01:00PM ET,JAX,0
,,,,,,,,,,WR,Dyami Brown (23486864),Dyami Brown,23486864,WR/FLEX,3000,JAX@WAS 09/11/2022 01:00PM ET,WAS,1.87
,,,,,,,,,,WR,Dax Milne (23486866),Dax Milne,23486866,WR/FLEX,3000,JAX@WAS 09/11/2022 01:00PM ET,WAS,1.26
,,,,,,,,,,WR,Alex Erickson (23486868),Alex Erickson,23486868,WR/FLEX,3000,JAX@WAS 09/11/2022 01:00PM ET,WAS,0.5
,,,,,,,,,,WR,Marken Michel (23486872),Marken Michel,23486872,WR/FLEX,3000,JAX@WAS 09/11/2022 01:00PM ET,WAS,0
,,,,,,,,,,WR,Kyric McGowan (23486874),Kyric McGowan,23486874,WR/FLEX,3000,JAX@WAS 09/11/2022 01:00PM ET,WAS,0
,,,,,,,,,,WR,Marcus Johnson (23486708),Marcus Johnson,23486708,WR/FLEX,3000,NYG@TEN 09/11/2022 04:25PM ET,NYG,3.97
,,,,,,,,,,WR,Kalil Pimpleton (23486808),Kalil Pimpleton,23486808,WR/FLEX,3000,NYG@TEN 09/11/2022 04:25PM ET,NYG,0
,,,,,,,,,,WR,Wan'Dale Robinson (23486814),Wan'Dale Robinson,23486814,WR/FLEX,3000,NYG@TEN 09/11/2022 04:25PM ET,NYG,0
,,,,,,,,,,WR,Richie James Jr. (23486816),Richie James Jr.,23486816,WR/FLEX,3000,NYG@TEN 09/11/2022 04:25PM ET,NYG,0
,,,,,,,,,,WR,C.J. Board (23486818),C.J. Board,23486818,WR/FLEX,3000,NYG@TEN 09/11/2022 04:25PM ET,NYG,1.62
,,,,,,,,,,WR,Collin Johnson (23486820),Collin Johnson,23486820,WR/FLEX,3000,NYG@TEN 09/11/2022 04:25PM ET,NYG,1.79
,,,,,,,,,,WR,Robert Foster (23486822),Robert Foster,23486822,WR/FLEX,3000,NYG@TEN 09/11/2022 04:25PM ET,NYG,0
,,,,,,,,,,WR,David Sills V (23486824),David Sills V,23486824,WR/FLEX,3000,NYG@TEN 09/11/2022 04:25PM ET,NYG,0.92
,,,,,,,,,,WR,Alex Bachman (23486826),Alex Bachman,23486826,WR/FLEX,3000,NYG@TEN 09/11/2022 04:25PM ET,NYG,-0.1
,,,,,,,,,,WR,Marcus Kemp (23486828),Marcus Kemp,23486828,WR/FLEX,3000,NYG@TEN 09/11/2022 04:25PM ET,NYG,0.23
,,,,,,,,,,WR,Dez Fitzpatrick (23486834),Dez Fitzpatrick,23486834,WR/FLEX,3000,NYG@TEN 09/11/2022 04:25PM ET,TEN,3.98
,,,,,,,,,,WR,Kyle Philips (23486836),Kyle Philips,23486836,WR/FLEX,3000,NYG@TEN 09/11/2022 04:25PM ET,TEN,0
,,,,,,,,,,WR,Racey McMath (23486838),Racey McMath,23486838,WR/FLEX,3000,NYG@TEN 09/11/2022 04:25PM ET,TEN,0.18
,,,,,,,,,,WR,Cody Hollister (23486840),Cody Hollister,23486840,WR/FLEX,3000,NYG@TEN 09/11/2022 04:25PM ET,TEN,2.43
,,,,,,,,,,WR,Reggie Roberson Jr. (23486844),Reggie Roberson Jr.,23486844,WR/FLEX,3000,NYG@TEN 09/11/2022 04:25PM ET,TEN,0
,,,,,,,,,,WR,Mason Kinsey (23486846),Mason Kinsey,23486846,WR/FLEX,3000,NYG@TEN 09/11/2022 04:25PM ET,TEN,0
,,,,,,,,,,TE,Geoff Swaim (23487056),Geoff Swaim,23487056,TE/FLEX,3000,NYG@TEN 09/11/2022 04:25PM ET,TEN,4.12
,,,,,,,,,,WR,Zach Pascal (23486608),Zach Pascal,23486608,WR/FLEX,3000,PHI@DET 09/11/2022 01:00PM ET,PHI,5.97
,,,,,,,,,,WR,Quintez Cephus (23486610),Quintez Cephus,23486610,WR/FLEX,3000,PHI@DET 09/11/2022 01:00PM ET,DET,9.88
,,,,,,,,,,WR,Greg Ward (23486792),Greg Ward,23486792,WR/FLEX,3000,PHI@DET 09/11/2022 01:00PM ET,PHI,1.92
,,,,,,,,,,WR,Deon Cain (23486794),Deon Cain,23486794,WR/FLEX,3000,PHI@DET 09/11/2022 01:00PM ET,PHI,0
,,,,,,,,,,WR,John Hightower (23486796),John Hightower,23486796,WR/FLEX,3000,PHI@DET 09/11/2022 01:00PM ET,PHI,0
,,,,,,,,,,WR,Devon Allen (23486798),Devon Allen,23486798,WR/FLEX,3000,PHI@DET 09/11/2022 01:00PM ET,PHI,0
,,,,,,,,,,WR,Britain Covey (23486800),Britain Covey,23486800,WR/FLEX,3000,PHI@DET 09/11/2022 01:00PM ET,PHI,0
,,,,,,,,,,WR,Trinity Benson (23486804),Trinity Benson,23486804,WR/FLEX,3000,PHI@DET 09/11/2022 01:00PM ET,DET,2.54
,,,,,,,,,,WR,Tom Kennedy (23486806),Tom Kennedy,23486806,WR/FLEX,3000,PHI@DET 09/11/2022 01:00PM ET,DET,1.53
,,,,,,,,,,WR,Auden Tate (23486980),Auden Tate,23486980,WR/FLEX,3000,PHI@DET 09/11/2022 01:00PM ET,PHI,1.84
,,,,,,,,,,WR,Maurice Alexander (23977630),Maurice Alexander,23977630,WR/FLEX,3000,PHI@DET 09/11/2022 01:00PM ET,DET,0
,,,,,,,,,,WR,Greg Dortch (23486762),Greg Dortch,23486762,WR/FLEX,3000,KC@ARI 09/11/2022 04:25PM ET,ARI,1.38
,,,,,,,,,,WR,Andy Isabella (23486764),Andy Isabella,23486764,WR/FLEX,3000,KC@ARI 09/11/2022 04:25PM ET,ARI,0.29
,,,,,,,,,,WR,Andre Baccellia (23486766),Andre Baccellia,23486766,WR/FLEX,3000,KC@ARI 09/11/2022 04:25PM ET,ARI,0
,,,,,,,,,,WR,Jontre Kirklin (23486770),Jontre Kirklin,23486770,WR/FLEX,3000,KC@ARI 09/11/2022 04:25PM ET,ARI,0
,,,,,,,,,,WR,JaVonta Payton (23486772),JaVonta Payton,23486772,WR/FLEX,3000,KC@ARI 09/11/2022 04:25PM ET,ARI,0
,,,,,,,,,,WR,Victor Bolden Jr. (23486774),Victor Bolden Jr.,23486774,WR/FLEX,3000,KC@ARI 09/11/2022 04:25PM ET,ARI,0
,,,,,,,,,,WR,Justin Watson (23486776),Justin Watson,23486776,WR/FLEX,3000,KC@ARI 09/11/2022 04:25PM ET,KC,0
,,,,,,,,,,WR,Daurice Fountain (23486778),Daurice Fountain,23486778,WR/FLEX,3000,KC@ARI 09/11/2022 04:25PM ET,KC,0
,,,,,,,,,,WR,Cornell Powell (23486780),Cornell Powell,23486780,WR/FLEX,3000,KC@ARI 09/11/2022 04:25PM ET,KC,0
,,,,,,,,,,WR,Corey Coleman (23486782),Corey Coleman,23486782,WR/FLEX,3000,KC@ARI 09/11/2022 04:25PM ET,KC,0
,,,,,,,,,,WR,Gary Jennings (23486786),Gary Jennings,23486786,WR/FLEX,3000,KC@ARI 09/11/2022 04:25PM ET,KC,0
,,,,,,,,,,WR,Aaron Parker (23486788),Aaron Parker,23486788,WR/FLEX,3000,KC@ARI 09/11/2022 04:25PM ET,KC,0
,,,,,,,,,,WR,Justyn Ross (23486790),Justyn Ross,23486790,WR/FLEX,3000,KC@ARI 09/11/2022 04:25PM ET,KC,0
,,,,,,,,,,DST,Chiefs  (23487355),Chiefs ,23487355,DST,3000,KC@ARI 09/11/2022 04:25PM ET,KC,6.85
,,,,,,,,,,WR,Lil'Jordan Humphrey (23486602),Lil'Jordan Humphrey,23486602,WR/FLEX,3000,NE@MIA 09/11/2022 01:00PM ET,NE,4.99
,,,,,,,,,,WR,Tyquan Thornton (23486736),Tyquan Thornton,23486736,WR/FLEX,3000,NE@MIA 09/11/2022 01:00PM ET,NE,0
,,,,,,,,,,WR,Ty Montgomery (23486738),Ty Montgomery,23486738,WR/FLEX,3000,NE@MIA 09/11/2022 01:00PM ET,NE,2.14
,,,,,,,,,,WR,Tre Nixon (23486740),Tre Nixon,23486740,WR/FLEX,3000,NE@MIA 09/11/2022 01:00PM ET,NE,0
,,,,,,,,,,WR,Kristian Wilkerson (23486742),Kristian Wilkerson,23486742,WR/FLEX,3000,NE@MIA 09/11/2022 01:00PM ET,NE,6.73
,,,,,,,,,,WR,Matthew Slater (23486744),Matthew Slater,23486744,WR/FLEX,3000,NE@MIA 09/11/2022 01:00PM ET,NE,0
,,,,,,,,,,WR,Mohamed Sanu Sr. (23486746),Mohamed Sanu Sr.,23486746,WR/FLEX,3000,NE@MIA 09/11/2022 01:00PM ET,MIA,4.09
,,,,,,,,,,WR,Erik Ezukanma (23486748),Erik Ezukanma,23486748,WR/FLEX,3000,NE@MIA 09/11/2022 01:00PM ET,MIA,0
,,,,,,,,,,WR,Trent Sherfield (23486752),Trent Sherfield,23486752,WR/FLEX,3000,NE@MIA 09/11/2022 01:00PM ET,MIA,1.18
,,,,,,,,,,WR,River Cracraft (23486756),River Cracraft,23486756,WR/FLEX,3000,NE@MIA 09/11/2022 01:00PM ET,MIA,0
,,,,,,,,,,WR,Braylon Sanders (23486760),Braylon Sanders,23486760,WR/FLEX,3000,NE@MIA 09/11/2022 01:00PM ET,MIA,0
,,,,,,,,,,WR,Ray-Ray McCloud III (23486600),Ray-Ray McCloud III,23486600,WR/FLEX,3000,SF@CHI 09/11/2022 01:00PM ET,SF,4.19
,,,,,,,,,,WR,Malik Turner (23486706),Malik Turner,23486706,WR/FLEX,3000,SF@CHI 09/11/2022 01:00PM ET,SF,3.1
,,,,,,,,,,WR,Austin Mack (23486712),Austin Mack,23486712,WR/FLEX,3000,SF@CHI 09/11/2022 01:00PM ET,SF,0
,,,,,,,,,,WR,Tay Martin (23486714),Tay Martin,23486714,WR/FLEX,3000,SF@CHI 09/11/2022 01:00PM ET,SF,0
,,,,,,,,,,WR,N'Keal Harry (23486718),N'Keal Harry,23486718,WR/FLEX,3000,SF@CHI 09/11/2022 01:00PM ET,CHI,2.26
,,,,,,,,,,WR,Equanimeous St. Brown (23486722),Equanimeous St. Brown,23486722,WR/FLEX,3000,SF@CHI 09/11/2022 01:00PM ET,CHI,1.45
,,,,,,,,,,WR,Dante Pettis (23486724),Dante Pettis,23486724,WR/FLEX,3000,SF@CHI 09/11/2022 01:00PM ET,CHI,8.45
,,,,,,,,,,WR,David Moore (23486726),David Moore,23486726,WR/FLEX,3000,SF@CHI 09/11/2022 01:00PM ET,CHI,0
,,,,,,,,,,WR,Nsimba Webster (23486728),Nsimba Webster,23486728,WR/FLEX,3000,SF@CHI 09/11/2022 01:00PM ET,CHI,0
,,,,,,,,,,WR,Isaiah Coulter (23486730),Isaiah Coulter,23486730,WR/FLEX,3000,SF@CHI 09/11/2022 01:00PM ET,CHI,0
,,,,,,,,,,WR,Chris Finke (23486732),Chris Finke,23486732,WR/FLEX,3000,SF@CHI 09/11/2022 01:00PM ET,CHI,0
,,,,,,,,,,WR,Kevin Shaa (23486734),Kevin Shaa,23486734,WR/FLEX,3000,SF@CHI 09/11/2022 01:00PM ET,CHI,0
,,,,,,,,,,WR,Ihmir Smith-Marsette (23486936),Ihmir Smith-Marsette,23486936,WR/FLEX,3000,SF@CHI 09/11/2022 01:00PM ET,CHI,3.95
,,,,,,,,,,WR,Shi Smith (23486606),Shi Smith,23486606,WR/FLEX,3000,CLE@CAR 09/11/2022 01:00PM ET,CAR,2.68
,,,,,,,,,,WR,Brandon Zylstra (23486678),Brandon Zylstra,23486678,WR/FLEX,3000,CLE@CAR 09/11/2022 01:00PM ET,CAR,3.77
,,,,,,,,,,WR,Andre Roberts (23486680),Andre Roberts,23486680,WR/FLEX,3000,CLE@CAR 09/11/2022 01:00PM ET,CAR,0.65
,,,,,,,,,,WR,Keith Kirkwood (23486682),Keith Kirkwood,23486682,WR/FLEX,3000,CLE@CAR 09/11/2022 01:00PM ET,CAR,1.57
,,,,,,,,,,WR,C.J. Saunders (23486684),C.J. Saunders,23486684,WR/FLEX,3000,CLE@CAR 09/11/2022 01:00PM ET,CAR,1.55
,,,,,,,,,,WR,Charleston Rambo (23486686),Charleston Rambo,23486686,WR/FLEX,3000,CLE@CAR 09/11/2022 01:00PM ET,CAR,0
,,,,,,,,,,WR,Ra'Shaun Henry (23486688),Ra'Shaun Henry,23486688,WR/FLEX,3000,CLE@CAR 09/11/2022 01:00PM ET,CAR,0
,,,,,,,,,,WR,Derek Wright (23486692),Derek Wright,23486692,WR/FLEX,3000,CLE@CAR 09/11/2022 01:00PM ET,CAR,0
,,,,,,,,,,WR,Ja'Marcus Bradley (23486694),Ja'Marcus Bradley,23486694,WR/FLEX,3000,CLE@CAR 09/11/2022 01:00PM ET,CLE,2.08
,,,,,,,,,,WR,Michael Woods II (23486696),Michael Woods II,23486696,WR/FLEX,3000,CLE@CAR 09/11/2022 01:00PM ET,CLE,0
,,,,,,,,,,WR,Javon Wims (23486698),Javon Wims,23486698,WR/FLEX,3000,CLE@CAR 09/11/2022 01:00PM ET,CLE,0
,,,,,,,,,,WR,Mike Harley Jr. (23486700),Mike Harley Jr.,23486700,WR/FLEX,3000,CLE@CAR 09/11/2022 01:00PM ET,CLE,0
,,,,,,,,,,WR,Isaiah Weston (23486702),Isaiah Weston,23486702,WR/FLEX,3000,CLE@CAR 09/11/2022 01:00PM ET,CLE,0
,,,,,,,,,,WR,Preston Williams (23486754),Preston Williams,23486754,WR/FLEX,3000,CLE@CAR 09/11/2022 01:00PM ET,CAR,1.72
,,,,,,,,,,TE,Ian Thomas (23487058),Ian Thomas,23487058,TE/FLEX,3000,CLE@CAR 09/11/2022 01:00PM ET,CAR,2.16
,,,,,,,,,,WR,Daylen Baldwin (23977628),Daylen Baldwin,23977628,WR/FLEX,3000,CLE@CAR 09/11/2022 01:00PM ET,CLE,0
,,,,,,,,,,WR,Jeff Smith (23486598),Jeff Smith,23486598,WR/FLEX,3000,BAL@NYJ 09/11/2022 01:00PM ET,NYJ,1.6
,,,,,,,,,,WR,Tylan Wallace (23486644),Tylan Wallace,23486644,WR/FLEX,3000,BAL@NYJ 09/11/2022 01:00PM ET,BAL,0.25
,,,,,,,,,,WR,Binjimen Victor (23486648),Binjimen Victor,23486648,WR/FLEX,3000,BAL@NYJ 09/11/2022 01:00PM ET,BAL,0
,,,,,,,,,,WR,Shemar Bridges (23486652),Shemar Bridges,23486652,WR/FLEX,3000,BAL@NYJ 09/11/2022 01:00PM ET,BAL,0
,,,,,,,,,,WR,Makai Polk (23486656),Makai Polk,23486656,WR/FLEX,3000,BAL@NYJ 09/11/2022 01:00PM ET,BAL,0
,,,,,,,,,,WR,Raleigh Webb (23486658),Raleigh Webb,23486658,WR/FLEX,3000,BAL@NYJ 09/11/2022 01:00PM ET,BAL,0
,,,,,,,,,,WR,Lawrence Cager (23486662),Lawrence Cager,23486662,WR/FLEX,3000,BAL@NYJ 09/11/2022 01:00PM ET,NYJ,0
,,,,,,,,,,WR,Denzel Mims (23486664),Denzel Mims,23486664,WR/FLEX,3000,BAL@NYJ 09/11/2022 01:00PM ET,NYJ,1.94
,,,,,,,,,,WR,Tarik Black (23486666),Tarik Black,23486666,WR/FLEX,3000,BAL@NYJ 09/11/2022 01:00PM ET,NYJ,2
,,,,,,,,,,WR,Irvin Charles (23486672),Irvin Charles,23486672,WR/FLEX,3000,BAL@NYJ 09/11/2022 01:00PM ET,NYJ,0
,,,,,,,,,,WR,Calvin Jackson Jr. (23486674),Calvin Jackson Jr.,23486674,WR/FLEX,3000,BAL@NYJ 09/11/2022 01:00PM ET,NYJ,0
,,,,,,,,,,WR,Rodney Adams (23486676),Rodney Adams,23486676,WR/FLEX,3000,BAL@NYJ 09/11/2022 01:00PM ET,NYJ,0
,,,,,,,,,,WR,Diontae Spencer (23977626),Diontae Spencer,23977626,WR/FLEX,3000,BAL@NYJ 09/11/2022 01:00PM ET,NYJ,-0.09
,,,,,,,,,,WR,Miles Boykin (23486612),Miles Boykin,23486612,WR/FLEX,3000,PIT@CIN 09/11/2022 01:00PM ET,PIT,0.2
,,,,,,,,,,WR,Anthony Miller (23486614),Anthony Miller,23486614,WR/FLEX,3000,PIT@CIN 09/11/2022 01:00PM ET,PIT,4.83
,,,,,,,,,,WR,Gunner Olszewski (23486616),Gunner Olszewski,23486616,WR/FLEX,3000,PIT@CIN 09/11/2022 01:00PM ET,PIT,0.35
,,,,,,,,,,WR,Cody White (23486618),Cody White,23486618,WR/FLEX,3000,PIT@CIN 09/11/2022 01:00PM ET,PIT,0.55
,,,,,,,,,,WR,Steven Sims Jr. (23486620),Steven Sims Jr.,23486620,WR/FLEX,3000,PIT@CIN 09/11/2022 01:00PM ET,PIT,0
,,,,,,,,,,WR,Tyler Vaughns (23486622),Tyler Vaughns,23486622,WR/FLEX,3000,PIT@CIN 09/11/2022 01:00PM ET,PIT,0
,,,,,,,,,,WR,Tyler Snead (23486624),Tyler Snead,23486624,WR/FLEX,3000,PIT@CIN 09/11/2022 01:00PM ET,PIT,0
,,,,,,,,,,WR,Mike Thomas (23486626),Mike Thomas,23486626,WR/FLEX,3000,PIT@CIN 09/11/2022 01:00PM ET,CIN,0.81
,,,,,,,,,,WR,Stanley Morgan (23486628),Stanley Morgan,23486628,WR/FLEX,3000,PIT@CIN 09/11/2022 01:00PM ET,CIN,0.19
,,,,,,,,,,WR,Trent Taylor (23486630),Trent Taylor,23486630,WR/FLEX,3000,PIT@CIN 09/11/2022 01:00PM ET,CIN,1.01
,,,,,,,,,,WR,Kwamie Lassiter II (23486632),Kwamie Lassiter II,23486632,WR/FLEX,3000,PIT@CIN 09/11/2022 01:00PM ET,CIN,0
,,,,,,,,,,WR,Trenton Irwin (23486634),Trenton Irwin,23486634,WR/FLEX,3000,PIT@CIN 09/11/2022 01:00PM ET,CIN,0.77
,,,,,,,,,,TE,Drew Sample (23487060),Drew Sample,23487060,TE/FLEX,3000,PIT@CIN 09/11/2022 01:00PM ET,CIN,0.98
,,,,,,,,,,TE,Josiah Deguara (23487062),Josiah Deguara,23487062,TE/FLEX,2900,GB@MIN 09/11/2022 04:25PM ET,GB,3.62
,,,,,,,,,,TE,Trey McBride (23487066),Trey McBride,23487066,TE/FLEX,2900,KC@ARI 09/11/2022 04:25PM ET,ARI,0
,,,,,,,,,,DST,Cardinals  (23487356),Cardinals ,23487356,DST,2900,KC@ARI 09/11/2022 04:25PM ET,ARI,6.89
,,,,,,,,,,TE,Harrison Bryant (23487064),Harrison Bryant,23487064,TE/FLEX,2900,CLE@CAR 09/11/2022 01:00PM ET,CLE,3.89
,,,,,,,,,,DST,Falcons  (23487357),Falcons ,23487357,DST,2800,NO@ATL 09/11/2022 01:00PM ET,ATL,3.82
,,,,,,,,,,TE,Donald Parham Jr. (23487074),Donald Parham Jr.,23487074,TE/FLEX,2800,LV@LAC 09/11/2022 04:25PM ET,LAC,4.21
,,,,,,,,,,TE,Dan Arnold (23487072),Dan Arnold,23487072,TE/FLEX,2800,JAX@WAS 09/11/2022 01:00PM ET,JAX,6.98
,,,,,,,,,,TE,Jonnu Smith (23487070),Jonnu Smith,23487070,TE/FLEX,2800,NE@MIA 09/11/2022 01:00PM ET,NE,3.96
,,,,,,,,,,TE,Zach Gentry (23487068),Zach Gentry,23487068,TE/FLEX,2800,PIT@CIN 09/11/2022 01:00PM ET,PIT,2.39
,,,,,,,,,,TE,Maxx Williams (23487080),Maxx Williams,23487080,TE/FLEX,2700,KC@ARI 09/11/2022 04:25PM ET,ARI,8.26
,,,,,,,,,,DST,Patriots  (23487358),Patriots ,23487358,DST,2700,NE@MIA 09/11/2022 01:00PM ET,NE,8.78
,,,,,,,,,,TE,Ryan Griffin (23487076),Ryan Griffin,23487076,TE/FLEX,2700,SF@CHI 09/11/2022 01:00PM ET,CHI,4.65
,,,,,,,,,,TE,Tyler Kroft (23487078),Tyler Kroft,23487078,TE/FLEX,2700,SF@CHI 09/11/2022 01:00PM ET,SF,4.37
,,,,,,,,,,TE,Pharaoh Brown (23487088),Pharaoh Brown,23487088,TE/FLEX,2600,IND@HOU 09/11/2022 01:00PM ET,HOU,2.61
,,,,,,,,,,TE,Chris Manhertz (23487086),Chris Manhertz,23487086,TE/FLEX,2600,JAX@WAS 09/11/2022 01:00PM ET,JAX,1.12
,,,,,,,,,,TE,Durham Smythe (23487084),Durham Smythe,23487084,TE/FLEX,2600,NE@MIA 09/11/2022 01:00PM ET,MIA,4.12
,,,,,,,,,,DST,Dolphins  (23487359),Dolphins ,23487359,DST,2600,NE@MIA 09/11/2022 01:00PM ET,MIA,9
,,,,,,,,,,TE,James O'Shaughnessy (23487082),James O'Shaughnessy,23487082,TE/FLEX,2600,SF@CHI 09/11/2022 01:00PM ET,CHI,7.2
,,,,,,,,,,TE,Rysen John (23487100),Rysen John,23487100,TE/FLEX,2500,-,CHI,0
,,,,,,,,,,TE,Scotty Washington (23487116),Scotty Washington,23487116,TE/FLEX,2500,-,CIN,0
,,,,,,,,,,TE,Marcus Santos-Silva (23487152),Marcus Santos-Silva,23487152,TE/FLEX,2500,-,CLE,0
,,,,,,,,,,TE,Devin Asiasi (23487174),Devin Asiasi,23487174,TE/FLEX,2500,PIT@CIN 09/11/2022 01:00PM ET,CIN,0
,,,,,,,,,,TE,David Wells (23487188),David Wells,23487188,TE/FLEX,2500,NYG@TEN 09/11/2022 04:25PM ET,TEN,0
,,,,,,,,,,TE,Deon Yelder (23487190),Deon Yelder,23487190,TE/FLEX,2500,-,ARI,0.33
,,,,,,,,,,TE,Garrett Griffin (23487222),Garrett Griffin,23487222,TE/FLEX,2500,-,DET,0.61
,,,,,,,,,,TE,Nolan Givan (23487228),Nolan Givan,23487228,TE/FLEX,2500,-,DET,0
,,,,,,,,,,TE,Jordan Akins (23487230),Jordan Akins,23487230,TE/FLEX,2500,IND@HOU 09/11/2022 01:00PM ET,HOU,3.36
,,,,,,,,,,TE,Briley Moore (23487244),Briley Moore,23487244,TE/FLEX,2500,-,TEN,0
,,,,,,,,,,TE,Grayson Gunter (23487250),Grayson Gunter,23487250,TE/FLEX,2500,-,JAX,0
,,,,,,,,,,TE,Naz Bohannon (23487254),Naz Bohannon,23487254,TE/FLEX,2500,-,JAX,0
,,,,,,,,,,TE,Sammis Reyes (23487258),Sammis Reyes,23487258,TE/FLEX,2500,-,WAS,0
,,,,,,,,,,TE,Nick Bowers (23487294),Nick Bowers,23487294,TE/FLEX,2500,PIT@CIN 09/11/2022 01:00PM ET,CIN,0
,,,,,,,,,,TE,Dominique Dafney (23487314),Dominique Dafney,23487314,TE/FLEX,2500,-,GB,0.49
,,,,,,,,,,TE,Brandon Dillon (23487324),Brandon Dillon,23487324,TE/FLEX,2500,-,NO,0
,,,,,,,,,,TE,Tucker Fisk (23487340),Tucker Fisk,23487340,TE/FLEX,2500,-,ATL,0
,,,,,,,,,,TE,Juwan Johnson (23487094),Juwan Johnson,23487094,TE/FLEX,2500,NO@ATL 09/11/2022 01:00PM ET,NO,3.78
,,,,,,,,,,TE,Nick Vannett (23487322),Nick Vannett,23487322,TE/FLEX,2500,NO@ATL 09/11/2022 01:00PM ET,NO,4.04
,,,,,,,,,,TE,J.P. Holtz (23487326),J.P. Holtz,23487326,TE/FLEX,2500,NO@ATL 09/11/2022 01:00PM ET,NO,0
,,,,,,,,,,TE,Lucas Krull (23487328),Lucas Krull,23487328,TE/FLEX,2500,NO@ATL 09/11/2022 01:00PM ET,NO,0
,,,,,,,,,,TE,Dylan Soehner (23487330),Dylan Soehner,23487330,TE/FLEX,2500,NO@ATL 09/11/2022 01:00PM ET,NO,0
,,,,,,,,,,TE,Zach Wood (23487332),Zach Wood,23487332,TE/FLEX,2500,NO@ATL 09/11/2022 01:00PM ET,NO,0
,,,,,,,,,,TE,Parker Hesse (23487334),Parker Hesse,23487334,TE/FLEX,2500,NO@ATL 09/11/2022 01:00PM ET,ATL,1.16
,,,,,,,,,,TE,John FitzPatrick (23487336),John FitzPatrick,23487336,TE/FLEX,2500,NO@ATL 09/11/2022 01:00PM ET,ATL,0
,,,,,,,,,,TE,John Raine (23487338),John Raine,23487338,TE/FLEX,2500,NO@ATL 09/11/2022 01:00PM ET,ATL,0
,,,,,,,,,,TE,Beau Brinkley (23487342),Beau Brinkley,23487342,TE/FLEX,2500,NO@ATL 09/11/2022 01:00PM ET,ATL,0
,,,,,,,,,,TE,MyCole Pruitt (23977648),MyCole Pruitt,23977648,TE/FLEX,2500,NO@ATL 09/11/2022 01:00PM ET,ATL,3.03
,,,,,,,,,,TE,Marcedes Lewis (23487102),Marcedes Lewis,23487102,TE/FLEX,2500,GB@MIN 09/11/2022 04:25PM ET,GB,2.47
,,,,,,,,,,TE,Ben Ellefson (23487300),Ben Ellefson,23487300,TE/FLEX,2500,GB@MIN 09/11/2022 04:25PM ET,MIN,0
,,,,,,,,,,TE,Johnny Mundt (23487302),Johnny Mundt,23487302,TE/FLEX,2500,GB@MIN 09/11/2022 04:25PM ET,MIN,0.32
,,,,,,,,,,TE,Zach Davidson (23487304),Zach Davidson,23487304,TE/FLEX,2500,GB@MIN 09/11/2022 04:25PM ET,MIN,0
,,,,,,,,,,TE,Nick Muse (23487306),Nick Muse,23487306,TE/FLEX,2500,GB@MIN 09/11/2022 04:25PM ET,MIN,0
,,,,,,,,,,TE,Shaun Beyer (23487308),Shaun Beyer,23487308,TE/FLEX,2500,GB@MIN 09/11/2022 04:25PM ET,GB,0
,,,,,,,,,,TE,Andrew DePaola (23487310),Andrew DePaola,23487310,TE/FLEX,2500,GB@MIN 09/11/2022 04:25PM ET,MIN,0
,,,,,,,,,,TE,Tyler Davis (23487312),Tyler Davis,23487312,TE/FLEX,2500,GB@MIN 09/11/2022 04:25PM ET,GB,0.5
,,,,,,,,,,TE,Alize Mack (23487316),Alize Mack,23487316,TE/FLEX,2500,GB@MIN 09/11/2022 04:25PM ET,GB,0
,,,,,,,,,,TE,Sal Cannella (23487318),Sal Cannella,23487318,TE/FLEX,2500,GB@MIN 09/11/2022 04:25PM ET,GB,0
,,,,,,,,,,TE,Jack Coco (23487320),Jack Coco,23487320,TE/FLEX,2500,GB@MIN 09/11/2022 04:25PM ET,GB,0
,,,,,,,,,,TE,Richard Rodgers (23487214),Richard Rodgers,23487214,TE/FLEX,2500,LV@LAC 09/11/2022 04:25PM ET,LAC,0.78
,,,,,,,,,,TE,Tre' McKitty (23487284),Tre' McKitty,23487284,TE/FLEX,2500,LV@LAC 09/11/2022 04:25PM ET,LAC,0.96
,,,,,,,,,,TE,Hunter Kampmoyer (23487286),Hunter Kampmoyer,23487286,TE/FLEX,2500,LV@LAC 09/11/2022 04:25PM ET,LAC,0
,,,,,,,,,,TE,Stone Smartt (23487288),Stone Smartt,23487288,TE/FLEX,2500,LV@LAC 09/11/2022 04:25PM ET,LAC,0
,,,,,,,,,,TE,Erik Krommenhoek (23487290),Erik Krommenhoek,23487290,TE/FLEX,2500,LV@LAC 09/11/2022 04:25PM ET,LAC,0
,,,,,,,,,,TE,Jacob Hollister (23487292),Jacob Hollister,23487292,TE/FLEX,2500,LV@LAC 09/11/2022 04:25PM ET,LV,2.93
,,,,,,,,,,TE,Jesper Horsted (23487296),Jesper Horsted,23487296,TE/FLEX,2500,LV@LAC 09/11/2022 04:25PM ET,LV,2.3
,,,,,,,,,,TE,Cole Fotheringham (23487298),Cole Fotheringham,23487298,TE/FLEX,2500,LV@LAC 09/11/2022 04:25PM ET,LV,0
,,,,,,,,,,TE,Jared Scott (23487148),Jared Scott,23487148,TE/FLEX,2500,IND@HOU 09/11/2022 01:00PM ET,IND,0
,,,,,,,,,,TE,Kylen Granson (23487264),Kylen Granson,23487264,TE/FLEX,2500,IND@HOU 09/11/2022 01:00PM ET,IND,1.27
,,,,,,,,,,TE,Jelani Woods (23487266),Jelani Woods,23487266,TE/FLEX,2500,IND@HOU 09/11/2022 01:00PM ET,IND,0
,,,,,,,,,,TE,Drew Ogletree (23487268),Drew Ogletree,23487268,TE/FLEX,2500,IND@HOU 09/11/2022 01:00PM ET,IND,0
,,,,,,,,,,TE,Michael Jacobson (23487270),Michael Jacobson,23487270,TE/FLEX,2500,IND@HOU 09/11/2022 01:00PM ET,IND,0
,,,,,,,,,,TE,Nikola Kalinic (23487272),Nikola Kalinic,23487272,TE/FLEX,2500,IND@HOU 09/11/2022 01:00PM ET,IND,0
,,,,,,,,,,TE,Teagan Quitoriano (23487274),Teagan Quitoriano,23487274,TE/FLEX,2500,IND@HOU 09/11/2022 01:00PM ET,HOU,0
,,,,,,,,,,TE,Jeff Driskel (23487276),Jeff Driskel,23487276,TE/FLEX,2500,IND@HOU 09/11/2022 01:00PM ET,HOU,0
,,,,,,,,,,TE,Antony Auclair (23487278),Antony Auclair,23487278,TE/FLEX,2500,IND@HOU 09/11/2022 01:00PM ET,HOU,0.98
,,,,,,,,,,TE,Mason Schreck (23487280),Mason Schreck,23487280,TE/FLEX,2500,IND@HOU 09/11/2022 01:00PM ET,HOU,0
,,,,,,,,,,TE,Seth Green (23487282),Seth Green,23487282,TE/FLEX,2500,IND@HOU 09/11/2022 01:00PM ET,HOU,0
,,,,,,,,,,TE,O.J. Howard (23977646),O.J. Howard,23977646,TE/FLEX,2500,IND@HOU 09/11/2022 01:00PM ET,HOU,1.92
,,,,,,,,,,TE,Luke Farrell (23487248),Luke Farrell,23487248,TE/FLEX,2500,JAX@WAS 09/11/2022 01:00PM ET,JAX,0.84
,,,,,,,,,,TE,Gerrit Prince (23487252),Gerrit Prince,23487252,TE/FLEX,2500,JAX@WAS 09/11/2022 01:00PM ET,JAX,0
,,,,,,,,,,TE,Cole Turner (23487256),Cole Turner,23487256,TE/FLEX,2500,JAX@WAS 09/11/2022 01:00PM ET,WAS,0
,,,,,,,,,,TE,Curtis Hodges (23487260),Curtis Hodges,23487260,TE/FLEX,2500,JAX@WAS 09/11/2022 01:00PM ET,WAS,0
,,,,,,,,,,TE,Armani Rogers (23487262),Armani Rogers,23487262,TE/FLEX,2500,JAX@WAS 09/11/2022 01:00PM ET,WAS,0
,,,,,,,,,,DST,Commanders  (23487360),Commanders ,23487360,DST,2500,JAX@WAS 09/11/2022 01:00PM ET,WAS,5.53
,,,,,,,,,,DST,Jaguars  (23487361),Jaguars ,23487361,DST,2500,JAX@WAS 09/11/2022 01:00PM ET,JAX,3.71
,,,,,,,,,,TE,Eli Wolf (23977644),Eli Wolf,23977644,TE/FLEX,2500,JAX@WAS 09/11/2022 01:00PM ET,WAS,0
,,,,,,,,,,TE,Kevin Rader (23487106),Kevin Rader,23487106,TE/FLEX,2500,NYG@TEN 09/11/2022 04:25PM ET,TEN,0.4
,,,,,,,,,,TE,Tanner Hudson (23487162),Tanner Hudson,23487162,TE/FLEX,2500,NYG@TEN 09/11/2022 04:25PM ET,NYG,0
,,,,,,,,,,TE,Daniel Bellinger (23487232),Daniel Bellinger,23487232,TE/FLEX,2500,NYG@TEN 09/11/2022 04:25PM ET,NYG,0
,,,,,,,,,,TE,Chris Myarick (23487234),Chris Myarick,23487234,TE/FLEX,2500,NYG@TEN 09/11/2022 04:25PM ET,NYG,1.34
,,,,,,,,,,TE,Austin Allen (23487236),Austin Allen,23487236,TE/FLEX,2500,NYG@TEN 09/11/2022 04:25PM ET,NYG,0
,,,,,,,,,,TE,Andre Miller (23487238),Andre Miller,23487238,TE/FLEX,2500,NYG@TEN 09/11/2022 04:25PM ET,NYG,0
,,,,,,,,,,TE,Chig Okonkwo (23487240),Chig Okonkwo,23487240,TE/FLEX,2500,NYG@TEN 09/11/2022 04:25PM ET,TEN,0
,,,,,,,,,,TE,Tommy Hudson (23487242),Tommy Hudson,23487242,TE/FLEX,2500,NYG@TEN 09/11/2022 04:25PM ET,TEN,1.22
,,,,,,,,,,TE,Thomas Odukoya (23487246),Thomas Odukoya,23487246,TE/FLEX,2500,NYG@TEN 09/11/2022 04:25PM ET,TEN,0
,,,,,,,,,,TE,Jaeden Graham (23487090),Jaeden Graham,23487090,TE/FLEX,2500,PHI@DET 09/11/2022 01:00PM ET,PHI,0
,,,,,,,,,,TE,J.J. Arcega-Whiteside (23487096),J.J. Arcega-Whiteside,23487096,TE/FLEX,2500,PHI@DET 09/11/2022 01:00PM ET,PHI,0.35
,,,,,,,,,,TE,Devin Funchess (23487098),Devin Funchess,23487098,TE/FLEX,2500,PHI@DET 09/11/2022 01:00PM ET,DET,0
,,,,,,,,,,TE,Dalton Keene (23487176),Dalton Keene,23487176,TE/FLEX,2500,PHI@DET 09/11/2022 01:00PM ET,PHI,0
,,,,,,,,,,TE,Jack Stoll (23487208),Jack Stoll,23487208,TE/FLEX,2500,PHI@DET 09/11/2022 01:00PM ET,PHI,0.36
,,,,,,,,,,TE,Tyree Jackson (23487210),Tyree Jackson,23487210,TE/FLEX,2500,PHI@DET 09/11/2022 01:00PM ET,PHI,1.24
,,,,,,,,,,TE,Grant Calcaterra (23487212),Grant Calcaterra,23487212,TE/FLEX,2500,PHI@DET 09/11/2022 01:00PM ET,PHI,0
,,,,,,,,,,TE,Noah Togiai (23487216),Noah Togiai,23487216,TE/FLEX,2500,PHI@DET 09/11/2022 01:00PM ET,PHI,0
,,,,,,,,,,TE,Brock Wright (23487218),Brock Wright,23487218,TE/FLEX,2500,PHI@DET 09/11/2022 01:00PM ET,DET,3.57
,,,,,,,,,,TE,James Mitchell (23487220),James Mitchell,23487220,TE/FLEX,2500,PHI@DET 09/11/2022 01:00PM ET,DET,0
,,,,,,,,,,TE,Shane Zylstra (23487224),Shane Zylstra,23487224,TE/FLEX,2500,PHI@DET 09/11/2022 01:00PM ET,DET,1.6
,,,,,,,,,,TE,Derrick Deese Jr. (23487226),Derrick Deese Jr.,23487226,TE/FLEX,2500,PHI@DET 09/11/2022 01:00PM ET,DET,0
,,,,,,,,,,TE,Stephen Anderson (23487104),Stephen Anderson,23487104,TE/FLEX,2500,KC@ARI 09/11/2022 04:25PM ET,ARI,2.26
,,,,,,,,,,TE,Chris Pierce Jr. (23487192),Chris Pierce Jr.,23487192,TE/FLEX,2500,KC@ARI 09/11/2022 04:25PM ET,ARI,0
,,,,,,,,,,TE,Bernhard Seikovits (23487194),Bernhard Seikovits,23487194,TE/FLEX,2500,KC@ARI 09/11/2022 04:25PM ET,ARI,0
,,,,,,,,,,TE,Blake Bell (23487196),Blake Bell,23487196,TE/FLEX,2500,KC@ARI 09/11/2022 04:25PM ET,KC,1.05
,,,,,,,,,,TE,Noah Gray (23487198),Noah Gray,23487198,TE/FLEX,2500,KC@ARI 09/11/2022 04:25PM ET,KC,1.05
,,,,,,,,,,TE,Jody Fortson (23487200),Jody Fortson,23487200,TE/FLEX,2500,KC@ARI 09/11/2022 04:25PM ET,KC,3.62
,,,,,,,,,,TE,Jordan Franks (23487202),Jordan Franks,23487202,TE/FLEX,2500,KC@ARI 09/11/2022 04:25PM ET,KC,0
,,,,,,,,,,TE,Matt Bushman (23487204),Matt Bushman,23487204,TE/FLEX,2500,KC@ARI 09/11/2022 04:25PM ET,KC,0
,,,,,,,,,,TE,James Winchester (23487206),James Winchester,23487206,TE/FLEX,2500,KC@ARI 09/11/2022 04:25PM ET,KC,0
,,,,,,,,,,TE,Matt Sokol (23487178),Matt Sokol,23487178,TE/FLEX,2500,NE@MIA 09/11/2022 01:00PM ET,NE,0
,,,,,,,,,,TE,Adam Shaheen (23487180),Adam Shaheen,23487180,TE/FLEX,2500,NE@MIA 09/11/2022 01:00PM ET,MIA,1.92
,,,,,,,,,,TE,Hunter Long (23487182),Hunter Long,23487182,TE/FLEX,2500,NE@MIA 09/11/2022 01:00PM ET,MIA,0.26
,,,,,,,,,,TE,Cethan Carter (23487184),Cethan Carter,23487184,TE/FLEX,2500,NE@MIA 09/11/2022 01:00PM ET,MIA,0.22
,,,,,,,,,,TE,Tanner Conner (23487186),Tanner Conner,23487186,TE/FLEX,2500,NE@MIA 09/11/2022 01:00PM ET,MIA,0
,,,,,,,,,,TE,Jalen Wydermyer (23977642),Jalen Wydermyer,23977642,TE/FLEX,2500,NE@MIA 09/11/2022 01:00PM ET,NE,0
,,,,,,,,,,TE,Trevon Wesco (23487138),Trevon Wesco,23487138,TE/FLEX,2500,SF@CHI 09/11/2022 01:00PM ET,CHI,0.54
,,,,,,,,,,TE,Charlie Woerner (23487158),Charlie Woerner,23487158,TE/FLEX,2500,SF@CHI 09/11/2022 01:00PM ET,SF,0.51
,,,,,,,,,,TE,Ross Dwelley (23487160),Ross Dwelley,23487160,TE/FLEX,2500,SF@CHI 09/11/2022 01:00PM ET,SF,0.76
,,,,,,,,,,TE,Jordan Matthews (23487164),Jordan Matthews,23487164,TE/FLEX,2500,SF@CHI 09/11/2022 01:00PM ET,SF,0
,,,,,,,,,,TE,Troy Fumagalli (23487166),Troy Fumagalli,23487166,TE/FLEX,2500,SF@CHI 09/11/2022 01:00PM ET,SF,0
,,,,,,,,,,TE,Chase Allen (23487168),Chase Allen,23487168,TE/FLEX,2500,SF@CHI 09/11/2022 01:00PM ET,CHI,0
,,,,,,,,,,TE,Jake Tonges (23487170),Jake Tonges,23487170,TE/FLEX,2500,SF@CHI 09/11/2022 01:00PM ET,CHI,0
,,,,,,,,,,TE,Patrick Scales (23487172),Patrick Scales,23487172,TE/FLEX,2500,SF@CHI 09/11/2022 01:00PM ET,CHI,0
,,,,,,,,,,TE,Stephen Sullivan (23487142),Stephen Sullivan,23487142,TE/FLEX,2500,CLE@CAR 09/11/2022 01:00PM ET,CAR,0
,,,,,,,,,,TE,Colin Thompson (23487144),Colin Thompson,23487144,TE/FLEX,2500,CLE@CAR 09/11/2022 01:00PM ET,CAR,0
,,,,,,,,,,TE,Josh Babicz (23487146),Josh Babicz,23487146,TE/FLEX,2500,CLE@CAR 09/11/2022 01:00PM ET,CAR,0
,,,,,,,,,,TE,Miller Forristall (23487150),Miller Forristall,23487150,TE/FLEX,2500,CLE@CAR 09/11/2022 01:00PM ET,CLE,0
,,,,,,,,,,TE,Zaire Mitchell-Paden (23487154),Zaire Mitchell-Paden,23487154,TE/FLEX,2500,CLE@CAR 09/11/2022 01:00PM ET,CLE,0
,,,,,,,,,,TE,Nakia Griffin-Stewart (23487156),Nakia Griffin-Stewart,23487156,TE/FLEX,2500,CLE@CAR 09/11/2022 01:00PM ET,CLE,0
,,,,,,,,,,TE,Jesse James (23977640),Jesse James,23977640,TE/FLEX,2500,CLE@CAR 09/11/2022 01:00PM ET,CLE,1.37
,,,,,,,,,,TE,Ben Mason (23487092),Ben Mason,23487092,TE/FLEX,2500,BAL@NYJ 09/11/2022 01:00PM ET,BAL,0
,,,,,,,,,,TE,Nick Boyle (23487126),Nick Boyle,23487126,TE/FLEX,2500,BAL@NYJ 09/11/2022 01:00PM ET,BAL,0.24
,,,,,,,,,,TE,Charlie Kolar (23487128),Charlie Kolar,23487128,TE/FLEX,2500,BAL@NYJ 09/11/2022 01:00PM ET,BAL,0
,,,,,,,,,,TE,Isaiah Likely (23487130),Isaiah Likely,23487130,TE/FLEX,2500,BAL@NYJ 09/11/2022 01:00PM ET,BAL,0
,,,,,,,,,,TE,Josh Oliver (23487132),Josh Oliver,23487132,TE/FLEX,2500,BAL@NYJ 09/11/2022 01:00PM ET,BAL,1.11
,,,,,,,,,,TE,Tony Poljan (23487134),Tony Poljan,23487134,TE/FLEX,2500,BAL@NYJ 09/11/2022 01:00PM ET,BAL,0
,,,,,,,,,,TE,Jeremy Ruckert (23487136),Jeremy Ruckert,23487136,TE/FLEX,2500,BAL@NYJ 09/11/2022 01:00PM ET,NYJ,0
,,,,,,,,,,TE,Kenny Yeboah (23487140),Kenny Yeboah,23487140,TE/FLEX,2500,BAL@NYJ 09/11/2022 01:00PM ET,NYJ,0.62
,,,,,,,,,,TE,Connor Heyward (23487108),Connor Heyward,23487108,TE/FLEX,2500,PIT@CIN 09/11/2022 01:00PM ET,PIT,0
,,,,,,,,,,TE,Jace Sternberger (23487110),Jace Sternberger,23487110,TE/FLEX,2500,PIT@CIN 09/11/2022 01:00PM ET,PIT,0
,,,,,,,,,,TE,Mitchell Wilcox (23487112),Mitchell Wilcox,23487112,TE/FLEX,2500,PIT@CIN 09/11/2022 01:00PM ET,CIN,0.24
,,,,,,,,,,TE,Thaddeus Moss (23487114),Thaddeus Moss,23487114,TE/FLEX,2500,PIT@CIN 09/11/2022 01:00PM ET,CIN,0
,,,,,,,,,,TE,Nick Eubanks (23487118),Nick Eubanks,23487118,TE/FLEX,2500,PIT@CIN 09/11/2022 01:00PM ET,CIN,0
,,,,,,,,,,TE,Justin Rigg (23487120),Justin Rigg,23487120,TE/FLEX,2500,PIT@CIN 09/11/2022 01:00PM ET,PIT,0
,,,,,,,,,,TE,Cal Adomitis (23487122),Cal Adomitis,23487122,TE/FLEX,2500,PIT@CIN 09/11/2022 01:00PM ET,CIN,0
,,,,,,,,,,TE,Clark Harris (23487124),Clark Harris,23487124,TE/FLEX,2500,PIT@CIN 09/11/2022 01:00PM ET,CIN,0
,,,,,,,,,,DST,Texans  (23487363),Texans ,23487363,DST,2400,IND@HOU 09/11/2022 01:00PM ET,HOU,5.12
,,,,,,,,,,DST,Steelers  (23487362),Steelers ,23487362,DST,2400,PIT@CIN 09/11/2022 01:00PM ET,PIT,6.67
,,,,,,,,,,DST,Giants  (23487365),Giants ,23487365,DST,2300,NYG@TEN 09/11/2022 04:25PM ET,NYG,5.12
,,,,,,,,,,DST,Jets  (23487364),Jets ,23487364,DST,2300,BAL@NYJ 09/11/2022 01:00PM ET,NYJ,3.41
,,,,,,,,,,DST,Vikings  (23487367),Vikings ,23487367,DST,2200,GB@MIN 09/11/2022 04:25PM ET,MIN,7.24
,,,,,,,,,,DST,Bears  (23487366),Bears ,23487366,DST,2200,SF@CHI 09/11/2022 01:00PM ET,CHI,6.18
,,,,,,,,,,DST,Raiders  (23487368),Raiders ,23487368,DST,2100,LV@LAC 09/11/2022 04:25PM ET,LV,3.72
,,,,,,,,,,DST,Lions  (23487369),Lions ,23487369,DST,2000,PHI@DET 09/11/2022 01:00PM ET,DET,3.53
